time,speed_ms,dir_from_deg,u,v
2019-05-07 23:24:00,5.6,107.0,-5.355306633392998,1.6372815464473256
2019-05-07 23:30:00,6.3,114.0,-5.755336383148387,2.5624408513775383
2019-05-07 23:36:00,5.7,105.0,-5.5057772098476905,1.4752685570843658
2019-05-07 23:42:00,6.6,99.0,-6.518743047927909,1.0324674692655225
2019-05-07 23:48:00,6.5,100.0,-6.401250394579353,1.1287131548350449
2019-05-07 23:54:00,5.9,97.0,-5.8560222946838,0.7190291260903714
2019-05-08 00:00:00,5.5,89.0,-5.499162323360152,-0.09598823540505924
2019-05-08 00:06:00,5.7,88.0,-5.696527714008846,-0.19892713120425434
2019-05-08 00:12:00,6.0,85.0,-5.977168188550474,-0.5229344564859495
2019-05-08 00:18:00,5.4,89.0,-5.399177553844513,-0.0942429947613309
2019-05-08 00:24:00,5.8,90.0,-5.8,-1.0654427152581972e-15
2019-05-08 00:30:00,5.9,88.0,-5.896405879412665,-0.2059070305447545
2019-05-08 00:36:00,6.7,81.0,-6.617511881987422,-1.048110915769548
2019-05-08 00:42:00,6.3,74.0,-6.055948684411409,-1.7365153416470929
2019-05-08 00:48:00,7.1,73.0,-6.789763767337551,-2.0758391035314334
2019-05-08 00:54:00,5.8,86.0,-5.78587149150698,-0.40458754771592836
2019-05-08 01:00:00,6.2,97.0,-6.153786140176196,0.7555899291119157
2019-05-08 01:06:00,5.5,97.0,-5.459003834027271,0.6702813887283122
2019-05-08 01:12:00,7.8,109.0,-7.3750448896746725,2.539431604765819
2019-05-08 01:18:00,7.0,119.0,-6.122337949975769,3.393667341724361
2019-05-08 01:24:00,7.2,129.0,-5.59545092249019,4.5311068155588305
2019-05-08 01:30:00,7.3,125.0,-5.97980992330964,4.187107985362636
2019-05-08 01:36:00,8.4,121.0,-7.200205325897744,4.326319829244455
2019-05-08 01:42:00,7.3,118.0,-6.4455174278701675,3.427142408337
2019-05-08 01:48:00,7.8,128.0,-6.14648387813243,4.802159507540137
2019-05-08 01:54:00,7.0,113.0,-6.443533974167083,2.7351178994249143
2019-05-08 02:00:00,8.5,118.0,-7.505054539300881,3.9905082836800685
2019-05-08 02:06:00,7.2,85.0,-7.172601826260568,-0.6275213477831394
2019-05-08 02:12:00,6.6,81.0,-6.5187430479279085,-1.0324674692655247
2019-05-08 02:18:00,9.3,74.0,-8.939733772226367,-2.56342740909809
2019-05-08 02:24:00,7.7,96.0,-7.657818594335706,0.804869167160928
2019-05-08 02:30:00,6.3,87.0,-6.291366068953815,-0.3297165243305491
2019-05-08 02:36:00,7.8,82.0,-7.724090936184248,-1.0855501874885134
2019-05-08 02:42:00,7.4,92.0,-7.395492119941309,0.2582562755985095
2019-05-08 02:48:00,7.8,118.0,-6.886991224299631,3.6618781897299453
2019-05-08 02:54:00,7.0,106.0,-6.728831871568231,1.9294614907189958
2019-05-08 03:00:00,6.1,132.0,-4.5331834354121066,4.081696698789032
2019-05-08 03:06:00,8.6,147.0,-4.683895701129232,7.212566884330647
2019-05-08 03:12:00,7.3,151.0,-3.5391102277982593,6.38472386211759
2019-05-08 03:18:00,10.6,130.0,-8.120071097061167,6.813548662677316
2019-05-08 03:24:00,8.0,107.0,-7.6504380477042835,2.3389736377818937
2019-05-08 03:30:00,8.0,116.0,-7.190352370393336,3.5069691743126192
2019-05-08 03:36:00,7.9,119.0,-6.909495686401225,3.829995999946065
2019-05-08 03:42:00,9.1,125.0,-7.454283603029825,5.219545570794518
2019-05-08 03:48:00,9.1,133.0,-6.65531868473445,6.206185076568737
2019-05-08 03:54:00,10.1,117.0,-8.999165894302516,4.585304047369421
2019-05-08 04:00:00,9.6,118.0,-8.476296891445699,4.506927002744548
2019-05-08 04:06:00,10.1,124.0,-8.37327948280592,5.647848325054545
2019-05-08 04:12:00,11.0,114.0,-10.049000034068612,4.474103073833797
2019-05-08 04:18:00,11.3,111.0,-10.54945881941838,4.049557829861895
2019-05-08 04:24:00,10.1,110.0,-9.490895469937673,3.454403447589257
2019-05-08 04:30:00,9.6,114.0,-8.77003639336897,3.9046717735276775
2019-05-08 04:36:00,8.4,111.0,-7.842075582576495,3.0102907761805233
2019-05-08 04:42:00,7.8,124.0,-6.466493065929325,4.361704647071827
2019-05-08 04:48:00,6.8,128.0,-5.358473124525708,4.186498032214478
2019-05-08 04:54:00,4.5,119.0,-3.9357886821272805,2.181643291108518
2019-05-08 05:00:00,4.3,86.0,-4.289525416117244,-0.29995283709973997
2019-05-08 05:06:00,6.3,105.0,-6.085332705621131,1.6305599841458778
2019-05-08 05:12:00,6.4,104.0,-6.209892648166378,1.5483001318378715
2019-05-08 05:18:00,6.8,112.0,-6.304850211054155,2.5473248352282014
2019-05-08 05:24:00,7.6,115.0,-6.887939181478538,3.2118987892293167
2019-05-08 05:30:00,6.9,120.0,-5.975575286112627,3.450000000000001
2019-05-08 05:36:00,6.2,109.0,-5.862215168715765,2.0185225576343693
2019-05-08 05:42:00,6.3,102.0,-6.162329884622975,1.3098436521518844
2019-05-08 05:48:00,6.9,110.0,-6.483879083422767,2.3599389889471163
2019-05-08 05:54:00,6.5,113.0,-5.983281547440863,2.5397523351802778
2019-05-08 06:00:00,7.0,112.0,-6.490286981967512,2.6222461539113837
2019-05-08 06:06:00,7.3,113.0,-6.719685430202816,2.8523372379716965
2019-05-08 06:12:00,7.1,118.0,-6.268927909298382,3.3332480957798216
2019-05-08 06:18:00,8.4,114.0,-7.673781844197849,3.416587801836718
2019-05-08 06:24:00,8.3,117.0,-7.395354150763455,3.7681211478382375
2019-05-08 06:30:00,8.2,125.0,-6.717046763169733,4.703326778078577
2019-05-08 06:36:00,8.7,127.0,-6.9481289374114485,5.235790701422816
2019-05-08 06:42:00,9.4,135.0,-6.646803743153549,6.646803743153545
2019-05-08 06:48:00,10.3,148.0,-5.458168421602012,8.734895390411188
2019-05-08 06:54:00,10.7,154.0,-4.690571270643132,9.617096295401085
2019-05-08 07:00:00,10.1,149.0,-5.20188455659155,8.657389737091332
2019-05-08 07:06:00,11.1,160.0,-3.7964235909149213,10.430588090723584
2019-05-08 07:12:00,10.8,163.0,-3.1576144110055617,10.328091364400782
2019-05-08 07:18:00,10.7,165.0,-2.769363782596971,10.33540634129303
2019-05-08 07:24:00,10.8,163.0,-3.1576144110055617,10.328091364400782
2019-05-08 07:30:00,11.0,156.0,-4.474103073833802,10.04900003406861
2019-05-08 07:36:00,10.4,159.0,-3.7270266752711283,9.709236435570896
2019-05-08 07:42:00,9.8,169.0,-1.8699281546901378,9.619946397787107
2019-05-08 07:48:00,10.9,169.0,-2.079818049604337,10.699736299579538
2019-05-08 07:54:00,9.4,171.0,-1.4704839713781723,9.284270401594295
2019-05-08 08:00:00,9.9,164.0,-2.7288098225882895,9.516490789789357
2019-05-08 08:06:00,9.7,163.0,-2.8360055358105503,9.276156132841441
2019-05-08 08:12:00,9.3,161.0,-3.0277838364515577,8.793322753073648
2019-05-08 08:18:00,9.3,159.0,-3.3328219307712974,8.682297966423976
2019-05-08 08:24:00,10.0,161.0,-3.255681544571567,9.455185755993169
2019-05-08 08:30:00,8.9,161.0,-2.8975565746686947,8.41511532283392
2019-05-08 08:36:00,10.2,159.0,-3.6553530853620675,9.522520350271455
2019-05-08 08:42:00,11.1,161.0,-3.6138065144744393,10.495256189152416
2019-05-08 08:48:00,11.4,164.0,-3.142265856313788,10.958383333696835
2019-05-08 08:54:00,10.9,164.0,-3.0044471784052886,10.477752485727676
2019-05-08 09:00:00,10.9,162.0,-3.3682852386869295,10.366516027617173
2019-05-08 09:06:00,10.0,164.0,-2.7563735581699893,9.612616959383189
2019-05-08 09:12:00,10.2,164.0,-2.811501029333389,9.804869298570852
2019-05-08 09:18:00,9.0,171.0,-1.40791018536208,8.889195065356239
2019-05-08 09:24:00,9.7,172.0,-1.349979079312639,9.60560026679323
2019-05-08 09:30:00,8.8,171.0,-1.3766232923540338,8.691657397237211
2019-05-08 09:36:00,8.5,173.0,-1.0358894189437515,8.436642288951237
2019-05-08 09:42:00,8.4,175.0,-0.73210823908033,8.368035463970664
2019-05-08 09:48:00,8.5,177.0,-0.44485562806502715,8.488351045413877
2019-05-08 09:54:00,7.1,177.0,-0.371585289324905,7.090269696757474
2019-05-08 10:00:00,7.5,176.0,-0.5231735530809423,7.481730376948682
2019-05-08 10:06:00,8.3,178.0,-0.28966582263075685,8.294943864258496
2019-05-08 10:12:00,7.9,178.0,-0.2757060239497565,7.895187533450857
2019-05-08 10:18:00,7.4,180.0,-1.812477262738083e-15,7.4
2019-05-08 10:24:00,7.9,181.0,0.13787401085453627,7.898796791735491
2019-05-08 10:30:00,8.5,177.0,-0.44485562806502715,8.488351045413877
2019-05-08 10:36:00,7.3,178.0,-0.254766325928256,7.295553037239399
2019-05-08 10:42:00,7.9,175.0,-0.6885303677065008,7.86993811492479
2019-05-08 10:48:00,7.6,174.0,-0.7944163208341659,7.558366404798877
2019-05-08 10:54:00,8.2,172.0,-1.14121942787254,8.120198163680875
2019-05-08 11:00:00,7.6,171.0,-1.1889019343057563,7.506431388523046
2019-05-08 11:06:00,7.5,171.0,-1.1732584878017331,7.407662554463532
2019-05-08 11:12:00,7.2,171.0,-1.1263281482896639,7.111356052284991
2019-05-08 11:18:00,7.9,172.0,-1.0994674975845204,7.823117743058405
2019-05-08 11:24:00,7.4,176.0,-0.5161979057065297,7.381973971922699
2019-05-08 11:30:00,6.2,180.0,-1.518562030942718e-15,6.2
2019-05-08 11:36:00,6.2,176.0,-0.43249013721357893,6.18489711161091
2019-05-08 11:42:00,5.8,171.0,-0.9073198972333403,5.7285923754517984
2019-05-08 11:48:00,6.9,166.0,-1.6692610796377083,6.695040511304376
2019-05-08 11:54:00,6.6,161.0,-2.148749819417234,6.240422598955491
2019-05-08 12:00:00,6.7,158.0,-2.5098641758866127,6.212131825597475
2019-05-08 12:06:00,7.3,159.0,-2.6160860316806955,6.815137113429571
2019-05-08 12:12:00,5.6,161.0,-1.8231816649600774,5.294904023356174
2019-05-08 12:18:00,5.9,156.0,-2.399746194147221,5.389918200091346
2019-05-08 12:24:00,5.4,157.0,-2.109948093842079,4.970726208643177
2019-05-08 12:30:00,6.7,157.0,-2.617898560878135,6.16738251813135
2019-05-08 12:36:00,5.9,161.0,-1.9208521112972246,5.578559596035969
2019-05-08 12:42:00,6.8,166.0,-1.6450688900777415,6.598010938676776
2019-05-08 12:48:00,8.3,164.0,-2.2877900532810913,7.978472076288048
2019-05-08 12:54:00,8.0,161.0,-2.6045452356572536,7.564148604794535
2019-05-08 13:00:00,8.0,161.0,-2.6045452356572536,7.564148604794535
2019-05-08 13:06:00,8.4,160.0,-2.8729692039356163,7.8934180146016315
2019-05-08 13:12:00,8.3,159.0,-2.9744539812259965,7.748717539926774
2019-05-08 13:18:00,8.2,166.0,-1.9837595439172764,7.95642495546317
2019-05-08 13:24:00,8.2,167.0,-1.8445986456196957,7.989834531238928
2019-05-08 13:30:00,9.0,164.0,-2.4807362023529906,8.65135526344487
2019-05-08 13:36:00,9.3,164.0,-2.5634274090980904,8.939733772226367
2019-05-08 13:42:00,9.0,170.0,-1.5628335990023734,8.863269777109872
2019-05-08 13:48:00,9.1,170.0,-1.5801984167690664,8.961750552411093
2019-05-08 13:54:00,8.7,175.0,-0.7582549619046273,8.666893873398186
2019-05-08 14:00:00,8.2,177.0,-0.4291548411921438,8.188762184987505
2019-05-08 14:06:00,9.2,169.0,-1.7554427574642109,9.030970087718508
2019-05-08 14:12:00,8.3,173.0,-1.011515550262722,8.238133058622974
2019-05-08 14:18:00,8.0,173.0,-0.9749547472411778,7.940369213130577
2019-05-08 14:24:00,8.1,171.0,-1.267119166825872,8.000275558820615
2019-05-08 14:30:00,7.9,174.0,-0.825774859814462,7.85672297340936
2019-05-08 14:36:00,7.1,172.0,-0.9881290168164677,7.030903288065148
2019-05-08 14:42:00,8.6,174.0,-0.8989447841018193,8.55288830016715
2019-05-08 14:48:00,8.9,173.0,-1.0846371563058104,8.833660749607766
2019-05-08 14:54:00,7.9,174.0,-0.825774859814462,7.85672297340936
2019-05-08 15:00:00,8.1,173.0,-0.9871416815816925,8.039623828294708
2019-05-08 15:06:00,8.9,174.0,-0.9303033230821154,8.851244868777632
2019-05-08 15:12:00,8.9,178.0,-0.3106055206522573,8.894578360469952
2019-05-08 15:18:00,8.1,175.0,-0.7059615162560323,8.069177054543138
2019-05-08 15:24:00,9.5,173.0,-1.1577587623488987,9.42918844059256
2019-05-08 15:30:00,8.6,175.0,-0.7495393876298615,8.56727440358901
2019-05-08 15:36:00,8.7,176.0,-0.606881321573893,8.67880723726047
2019-05-08 15:42:00,8.0,175.0,-0.6972459419812665,7.969557584733964
2019-05-08 15:48:00,7.6,174.0,-0.7944163208341659,7.558366404798877
2019-05-08 15:54:00,7.6,179.0,-0.13263828892335505,7.598842483188573
2019-05-08 16:00:00,8.0,178.0,-0.2791959736200066,7.995126616152766
2019-05-08 16:06:00,6.7,175.0,-0.5839434764093108,6.674504477214695
2019-05-08 16:12:00,7.0,174.0,-0.7316992428735739,6.961653267577913
2019-05-08 16:18:00,7.8,181.0,0.13612877021080796,7.798812022219852
2019-05-08 16:24:00,7.9,172.0,-1.0994674975845204,7.823117743058405
2019-05-08 16:30:00,7.3,172.0,-1.015963637008481,7.228956901813462
2019-05-08 16:36:00,6.7,171.0,-1.0481109157695483,6.617511881987422
2019-05-08 16:42:00,6.5,163.0,-1.9004160806977914,6.215980913759729
2019-05-08 16:48:00,6.2,166.0,-1.4999157527179408,6.015833502911178
2019-05-08 16:54:00,6.0,163.0,-1.7542302283364228,5.7378285357782115
2019-05-08 17:06:00,6.6,162.0,-2.0395121628746544,6.276973007548013
2019-05-08 17:12:00,7.2,169.0,-1.3738247667111216,7.0677157208231804
2019-05-08 17:18:00,6.5,164.0,-1.791642812810493,6.248201023599073
2019-05-08 17:24:00,7.4,168.0,-1.538546512051423,7.238292245430162
2019-05-08 17:30:00,7.5,162.0,-2.3176274578121077,7.132923872213651
2019-05-08 17:36:00,6.9,166.0,-1.6692610796377083,6.695040511304376
2019-05-08 17:42:00,6.7,170.0,-1.1634427903684337,6.598211945181794
2019-05-08 17:48:00,6.6,171.0,-1.0324674692655251,6.5187430479279085
2019-05-08 17:54:00,6.8,171.0,-1.0637543622735715,6.716280716046936
2019-05-08 18:00:00,6.9,169.0,-1.3165820680981584,6.773227565788882
2019-05-08 18:06:00,7.0,171.0,-1.0950412552816176,6.913818384165964
2019-05-08 18:12:00,5.8,170.0,-1.0071594304681961,5.711884967470806
2019-05-08 18:18:00,5.5,168.0,-1.1435142994976792,5.37981180403593
2019-05-08 18:24:00,6.3,179.0,-0.10995016055488642,6.299040479485265
2019-05-08 18:30:00,6.0,178.0,-0.20939698021500494,5.996344962114574
2019-05-08 18:36:00,6.3,167.0,-1.4171916423663515,6.1385314081469815
2019-05-08 18:42:00,6.4,170.0,-1.1113483370683546,6.3027696192781315
2019-05-08 18:48:00,7.7,171.0,-1.2045453808097795,7.60520022258256
2019-05-08 18:54:00,7.0,162.0,-2.163118960624634,6.657395614066075
2019-05-08 19:00:00,6.1,163.0,-1.7834673988086966,5.833459011374515
2019-05-08 19:06:00,5.6,160.0,-1.915312802623744,5.2622786764010865
2019-05-08 19:12:00,5.5,157.0,-2.1490212066910064,5.062776693988422
2019-05-08 19:18:00,7.1,158.0,-2.6597068132529778,6.58300536742419
2019-05-08 19:24:00,6.3,158.0,-2.3600215385202477,5.84125828377076
2019-05-08 19:30:00,6.2,161.0,-2.0185225576343715,5.862215168715765
2019-05-08 19:36:00,6.4,167.0,-1.4396867478007382,6.235968414625505
2019-05-08 19:42:00,5.9,168.0,-1.2266789758247834,5.771070844329453
2019-05-08 19:48:00,5.3,156.0,-2.155704208301741,4.841790925505785
2019-05-08 19:54:00,3.8,180.0,-9.307315673519883e-16,3.8
2019-05-08 20:00:00,5.3,169.0,-1.0112876754956868,5.202624072272619
2019-05-08 20:06:00,5.5,173.0,-0.6702813887283098,5.459003834027271
2019-05-08 20:12:00,5.7,175.0,-0.4967877336616524,5.67830977912295
2019-05-08 20:18:00,6.2,167.0,-1.394696536931965,6.041094401668458
2019-05-08 20:24:00,6.8,174.0,-0.7107935502200432,6.762748888504258
2019-05-08 20:30:00,7.2,165.0,-1.8634971247381489,6.954665949281292
2019-05-08 20:36:00,7.0,162.0,-2.163118960624634,6.657395614066075
2019-05-08 20:42:00,7.7,162.0,-2.379430856687097,7.323135175472682
2019-05-08 20:48:00,7.8,166.0,-1.8869907856774093,7.568306664952773
2019-05-08 20:54:00,7.1,168.0,-1.476173004806095,6.94484796521002
2019-05-08 21:00:00,7.2,165.0,-1.8634971247381489,6.954665949281292
2019-05-08 21:06:00,6.9,167.0,-1.552162274972671,6.723153447018123
2019-05-08 21:12:00,6.6,166.0,-1.5966845109578078,6.403951793421577
2019-05-08 21:18:00,7.7,163.0,-2.2512621263650763,7.363546620915372
2019-05-08 21:24:00,7.3,162.0,-2.255824058937118,6.9427125689546205
2019-05-08 21:30:00,6.6,161.0,-2.148749819417234,6.240422598955491
2019-05-08 21:36:00,7.5,163.0,-2.1927877854205287,7.172285669722765
2019-05-08 21:42:00,7.3,159.0,-2.6160860316806955,6.815137113429571
2019-05-08 21:48:00,8.4,162.0,-2.5957427527495605,7.98887473687929
2019-05-08 21:54:00,7.6,164.0,-2.094843904209192,7.305588889131223
2019-05-08 22:00:00,7.2,167.0,-1.6196475912758304,7.015464466453693
2019-05-08 22:06:00,7.4,167.0,-1.6646378021446036,7.210338479410741
2019-05-08 22:12:00,8.3,168.0,-1.7256670337874072,8.118625086090587
2019-05-08 22:18:00,7.4,171.0,-1.1576150412977102,7.308893720404019
2019-05-08 22:24:00,7.3,170.0,-1.2676316969685917,7.189096596989119
2019-05-08 22:30:00,7.7,170.0,-1.337090968035364,7.583019698194002
2019-05-08 22:36:00,7.6,170.0,-1.3197261502686708,7.4845389228927806
2019-05-08 22:42:00,7.6,170.0,-1.3197261502686708,7.4845389228927806
2019-05-08 22:48:00,8.1,171.0,-1.267119166825872,8.000275558820615
2019-05-08 22:54:00,8.6,175.0,-0.7495393876298615,8.56727440358901
2019-05-08 23:00:00,7.4,171.0,-1.1576150412977102,7.308893720404019
2019-05-08 23:06:00,9.0,173.0,-1.0968240906463251,8.9329153647719
2019-05-08 23:12:00,8.0,174.0,-0.8362277061412273,7.956175162946186
2019-05-08 23:18:00,8.5,173.0,-1.0358894189437515,8.436642288951237
2019-05-08 23:24:00,8.6,175.0,-0.7495393876298615,8.56727440358901
2019-05-08 23:30:00,8.8,172.0,-1.22472328844858,8.71435900492582
2019-05-08 23:36:00,9.5,172.0,-1.322144459120626,9.407546653044918
2019-05-08 23:42:00,9.1,171.0,-1.4235536318661028,8.987963899415753
2019-05-08 23:48:00,8.5,169.0,-1.6218764607006297,8.343831059305144
2019-05-08 23:54:00,8.6,170.0,-1.4933743279356013,8.469346675904989
2019-05-09 00:00:00,8.6,170.0,-1.4933743279356013,8.469346675904989
2019-05-09 00:06:00,9.5,171.0,-1.4861274178821953,9.383039235653808
2019-05-09 00:12:00,9.1,171.0,-1.4235536318661028,8.987963899415753
2019-05-09 00:18:00,9.1,172.0,-1.2664752187365995,9.01143942554829
2019-05-09 00:24:00,9.2,173.0,-1.1211979593273544,9.131424595100162
2019-05-09 00:30:00,8.7,175.0,-0.7582549619046273,8.666893873398186
2019-05-09 00:36:00,8.9,177.0,-0.4657900105622049,8.887802859315707
2019-05-09 00:42:00,9.4,177.0,-0.49195798868367707,9.387117626692994
2019-05-09 00:48:00,9.5,176.0,-0.6626865005691935,9.47685847746833
2019-05-09 00:54:00,9.0,178.0,-0.3140954703225074,8.994517443171862
2019-05-09 01:00:00,9.0,177.0,-0.4710236061864993,8.987665812791164
2019-05-09 01:06:00,8.9,178.0,-0.3106055206522573,8.894578360469952
2019-05-09 01:12:00,8.9,176.0,-0.6208326163227181,8.878320047312435
2019-05-09 01:18:00,8.7,175.0,-0.7582549619046273,8.666893873398186
2019-05-09 01:24:00,9.1,178.0,-0.31758541999275747,9.09445652587377
2019-05-09 01:30:00,9.7,176.0,-0.6766377953180186,9.676371287520293
2019-05-09 01:36:00,8.9,174.0,-0.9303033230821154,8.851244868777632
2019-05-09 01:42:00,9.3,171.0,-1.4548405248741492,9.18550156753478
2019-05-09 01:48:00,8.5,175.0,-0.7408238133550957,8.467654933779837
2019-05-09 01:54:00,9.4,172.0,-1.3082271490246193,9.30851984617076
2019-05-09 02:00:00,8.4,171.0,-1.3140495063379412,8.296582060999157
2019-05-09 02:06:00,9.1,172.0,-1.2664752187365995,9.01143942554829
2019-05-09 02:12:00,9.0,170.0,-1.5628335990023734,8.863269777109872
2019-05-09 02:18:00,9.6,173.0,-1.1699456966894133,9.528443055756691
2019-05-09 02:24:00,10.4,172.0,-1.4474002499846852,10.298787914912332
2019-05-09 02:30:00,9.9,173.0,-1.2065064997109576,9.826206901249089
2019-05-09 02:36:00,10.1,174.0,-1.0557374790032994,10.04467114321956
2019-05-09 02:42:00,10.0,174.0,-1.0452846326765342,9.945218953682733
2019-05-09 02:48:00,8.7,175.0,-0.7582549619046273,8.666893873398186
2019-05-09 02:54:00,9.5,176.0,-0.6626865005691935,9.47685847746833
2019-05-09 03:00:00,9.1,175.0,-0.7931172590036907,9.065371752634885
2019-05-09 03:06:00,9.2,178.0,-0.32107536966300754,9.19439560857568
2019-05-09 03:12:00,8.6,175.0,-0.7495393876298615,8.56727440358901
2019-05-09 03:18:00,9.0,172.0,-1.252557908640593,8.912412618674132
2019-05-09 03:24:00,9.2,175.0,-0.8018328332784564,9.164991222444058
2019-05-09 03:30:00,9.5,178.0,-0.3315452186737578,9.49421285668141
2019-05-09 03:36:00,8.9,179.0,-0.1553264172918237,8.898644486891882
2019-05-09 03:42:00,10.1,175.0,-0.880273001751349,10.06156645072663
2019-05-09 03:48:00,10.1,177.0,-0.5285931580537381,10.086158301021195
2019-05-09 03:54:00,9.9,176.0,-0.6905890900668438,9.87588409757226
2019-05-09 04:00:00,10.4,176.0,-0.7254673269389066,10.374666122702171
2019-05-09 04:06:00,10.2,177.0,-0.5338267536780326,10.186021254496652
2019-05-09 04:12:00,9.2,178.0,-0.32107536966300754,9.19439560857568
2019-05-09 04:18:00,9.8,179.0,-0.17103358308537892,9.798507412532635
2019-05-09 04:24:00,10.6,178.0,-0.36993466504650874,10.593542766402415
2019-05-09 04:30:00,10.1,179.0,-0.17626930501656396,10.098461721079552
2019-05-09 04:36:00,10.5,180.0,-2.5717582782094417e-15,10.5
2019-05-09 04:42:00,10.5,180.0,-2.5717582782094417e-15,10.5
2019-05-09 04:48:00,9.2,181.0,0.16056213922300425,9.1985987954388
2019-05-09 04:54:00,10.0,181.0,0.17452406437283072,9.998476951563912
2019-05-09 05:00:00,9.4,181.0,0.16405262051046088,9.398568334470077
2019-05-09 05:06:00,11.5,181.0,0.20070267402875533,11.4982484942985
2019-05-09 05:12:00,9.5,182.0,0.3315452186737616,9.49421285668141
2019-05-09 05:18:00,11.2,182.0,0.39087436306801365,11.193177262613872
2019-05-09 05:24:00,9.6,182.0,0.3350351683440117,9.59415193938332
2019-05-09 05:30:00,10.8,181.0,0.1884859895226572,10.798355107689027
2019-05-09 05:36:00,11.0,180.0,-2.6942229581241772e-15,11.0
2019-05-09 05:42:00,9.6,182.0,0.3350351683440117,9.59415193938332
2019-05-09 05:48:00,10.1,181.0,0.17626930501655902,10.098461721079552
2019-05-09 05:54:00,10.1,182.0,0.3524849166952623,10.093847352892867
2019-05-09 06:00:00,9.8,185.0,0.8541262789270468,9.762708041299106
2019-05-09 06:06:00,10.0,186.0,1.0452846326765293,9.945218953682733
2019-05-09 06:12:00,10.2,185.0,0.8889885760261098,10.161185920535804
2019-05-09 06:18:00,9.0,187.0,1.0968240906463287,8.932915364771898
2019-05-09 06:24:00,11.1,188.0,1.5448214206567257,10.991975563031431
2019-05-09 06:30:00,9.8,186.0,1.0243789400229988,9.74631457460908
2019-05-09 06:36:00,9.2,188.0,1.2803925288326015,9.110466232422446
2019-05-09 06:42:00,9.7,185.0,0.845410704652281,9.663088571489931
2019-05-09 06:48:00,10.3,184.0,0.7184916795644891,10.274909717676191
2019-05-09 06:54:00,11.2,187.0,1.3649366461376533,11.116516898382805
2019-05-09 07:00:00,9.6,187.0,1.1699456966894173,9.528443055756691
2019-05-09 07:06:00,10.2,186.0,1.0661903253300598,10.144123332756388
2019-05-09 07:12:00,10.7,188.0,1.4891521802726995,10.595868335534803
2019-05-09 07:18:00,8.8,190.0,1.5281039634689835,8.666308226507432
2019-05-09 07:24:00,8.0,193.0,1.7996084347509187,7.794960518281882
2019-05-09 07:30:00,8.5,190.0,1.4760095101689044,8.37086590060377
2019-05-09 07:36:00,7.9,193.0,1.7771133293165322,7.697523511803359
2019-05-09 07:42:00,9.2,193.0,2.0695496999635563,8.964204596024164
2019-05-09 07:48:00,9.0,197.0,2.63134534250463,8.60674280366732
2019-05-09 07:54:00,9.9,189.0,1.5487012038982833,9.778114571891864
2019-05-09 08:00:00,8.8,192.0,1.8296228791962825,8.60769888645749
2019-05-09 08:06:00,8.5,195.0,2.199961883371422,8.210369523457082
2019-05-09 08:12:00,8.8,195.0,2.2776075969021785,8.500147271343803
2019-05-09 08:18:00,9.1,196.0,2.508299937934694,8.7474814330387
2019-05-09 08:24:00,8.6,195.0,2.225843787881674,8.306962106085988
2019-05-09 08:30:00,8.4,193.0,1.8895888564884646,8.184708544195976
2019-05-09 08:36:00,8.8,191.0,1.6791191593135966,8.638319214339443
2019-05-09 08:42:00,8.3,193.0,1.8670937510540784,8.087271537717454
2019-05-09 08:48:00,9.0,195.0,2.329371405922682,8.693332436601615
2019-05-09 08:54:00,8.7,195.0,2.251725692391926,8.403554688714895
2019-05-09 09:00:00,8.4,198.0,2.5957427527495565,7.988874736879291
2019-05-09 09:06:00,8.6,193.0,1.9345790673572376,8.379582557153023
2019-05-09 09:12:00,8.2,194.0,1.9837595439172722,7.956424955463171
2019-05-09 09:18:00,9.4,194.0,2.274065818636873,9.120779826994369
2019-05-09 09:24:00,8.5,195.0,2.199961883371422,8.210369523457082
2019-05-09 09:30:00,8.0,196.0,2.2050988465359946,7.69009356750655
2019-05-09 09:36:00,8.0,198.0,2.4721359549995774,7.608452130361229
2019-05-09 09:42:00,8.0,196.0,2.2050988465359946,7.69009356750655
2019-05-09 09:48:00,8.6,196.0,2.370481260026194,8.266850585069541
2019-05-09 09:54:00,7.5,200.0,2.565151074942517,7.047694655894312
2019-05-09 10:00:00,7.1,202.0,2.659706813252974,6.583005367424191
2019-05-09 10:06:00,6.9,201.0,2.472738851862572,6.441704942830692
2019-05-09 10:12:00,7.0,202.0,2.6222461539113833,6.490286981967512
2019-05-09 10:18:00,6.4,200.0,2.188928917284281,6.014032773029814
2019-05-09 10:24:00,7.5,205.0,3.169636963055247,6.797308402774875
2019-05-09 10:30:00,6.7,208.0,3.1454594706654655,5.915748872154812
2019-05-09 10:36:00,7.1,207.0,3.22333254815078,6.326146321737412
2019-05-09 10:42:00,6.4,210.0,3.2,5.542562584220407
2019-05-09 10:48:00,6.5,218.0,4.0017995896167795,5.122069898443692
2019-05-09 10:54:00,6.0,216.0,3.5267115137548375,4.854101966249686
2019-05-09 11:00:00,6.4,211.0,3.296243679424346,5.48587072449352
2019-05-09 11:06:00,5.5,204.0,2.2370515369169026,5.024500017034304
2019-05-09 11:12:00,5.5,202.0,2.0603362637875153,5.09951120011733
2019-05-09 11:18:00,5.0,207.0,2.269952498697733,4.45503262094184
2019-05-09 11:24:00,6.5,218.0,4.0017995896167795,5.122069898443692
2019-05-09 11:30:00,5.9,214.0,3.299238130477407,4.891321678074746
2019-05-09 11:36:00,5.7,215.0,3.2693856872009626,4.669166652447253
2019-05-09 11:42:00,5.7,213.0,3.1044424995856557,4.780422237288916
2019-05-09 11:48:00,5.5,215.0,3.1546703999307533,4.505336243589455
2019-05-09 11:54:00,5.6,222.0,3.7471313956096073,4.161611022673406
2019-05-09 12:00:00,5.1,221.0,3.345901047851586,3.8490188591361383
2019-05-09 12:06:00,4.1,216.0,2.4099195343991386,3.3169696769372847
2019-05-09 12:12:00,4.6,206.0,2.0165072752297557,4.134452612976168
2019-05-09 12:18:00,4.6,208.0,2.1595691888150954,4.061558927151065
2019-05-09 12:24:00,4.9,205.0,2.070829482529428,4.440908156479585
2019-05-09 12:30:00,4.4,198.0,1.3596747752497678,4.184648671698676
2019-05-09 12:36:00,4.2,201.0,1.5051453880902614,3.9210377912882475
2019-05-09 12:42:00,5.1,203.0,1.9927287552952944,4.694574752607446
2019-05-09 12:48:00,3.6,200.0,1.2312725159724083,3.38289343482927
2019-05-09 12:54:00,2.9,196.0,0.799348331869298,2.7876589182211244
2019-05-09 13:00:00,3.4,190.0,0.5904038040675617,3.3483463602415076
2019-05-09 13:06:00,2.9,185.0,0.2527516539682077,2.888964624466062
2019-05-09 13:12:00,3.0,180.0,-7.347880794884119e-16,3.0
2019-05-09 13:18:00,3.2,161.0,-1.0418180942629014,3.025659441917814
2019-05-09 13:24:00,4.1,159.0,-1.469308593135733,3.827679748638526
2019-05-09 13:30:00,4.7,162.0,-1.4523798735622542,4.469965626587221
2019-05-09 13:36:00,4.9,166.0,-1.1854172884383727,4.754449058752383
2019-05-09 13:42:00,5.7,167.0,-1.2822210097600324,5.55390936927584
2019-05-09 13:48:00,6.1,168.0,-1.2682613139883352,5.966700364476214
2019-05-09 13:54:00,5.5,167.0,-1.2372307988912594,5.359035356318794
2019-05-09 14:00:00,5.4,165.0,-1.3976228435536118,5.215999461960969
2019-05-09 14:06:00,4.6,166.0,-1.1128407197584722,4.463360340869583
2019-05-09 14:12:00,5.1,167.0,-1.147250377153713,4.969287330404699
2019-05-09 14:18:00,5.7,164.0,-1.571132928156894,5.4791916668484175
2019-05-09 14:24:00,6.2,165.0,-1.6046780796356284,5.9887401229922235
2019-05-09 14:30:00,5.9,170.0,-1.0245242482348893,5.810365742772028
2019-05-09 14:36:00,5.8,174.0,-0.6062650869523898,5.768226993135985
2019-05-09 14:42:00,6.0,173.0,-0.7312160604308834,5.955276909847933
2019-05-09 14:48:00,5.9,177.0,-0.30878214183337177,5.891914255051986
2019-05-09 14:54:00,5.9,174.0,-0.6167179332791551,5.867679182672813
2019-05-09 15:00:00,6.5,169.0,-1.2402584699475403,6.380576692409816
2019-05-09 15:06:00,6.1,168.0,-1.2682613139883352,5.966700364476214
2019-05-09 15:12:00,6.2,166.0,-1.4999157527179408,6.015833502911178
2019-05-09 15:18:00,6.7,163.0,-1.958890421642339,6.407241864952337
2019-05-09 15:24:00,5.8,164.0,-1.5986966637385938,5.57531783644225
2019-05-09 15:30:00,5.4,169.0,-1.0303685750333413,5.300786790617386
2019-05-09 15:36:00,5.0,165.0,-1.2940952255126035,4.8296291314453415
2019-05-09 15:42:00,4.8,167.0,-1.0797650608505536,4.6769763109691285
2019-05-09 15:48:00,4.7,164.0,-1.295495572339895,4.517929970910099
2019-05-09 15:54:00,4.8,160.0,-1.6416966879632093,4.51052457977236
2019-05-09 16:00:00,5.1,158.0,-1.910493626421153,4.728637658290615
2019-05-09 16:06:00,5.2,160.0,-1.7785047452934768,4.886401628086724
2019-05-09 16:12:00,5.0,160.0,-1.710100716628343,4.698463103929543
2019-05-09 16:18:00,5.0,161.0,-1.6278407722857835,4.727592877996584
2019-05-09 16:24:00,4.6,163.0,-1.3449098417245908,4.399001877429962
2019-05-09 16:30:00,4.6,164.0,-1.267931836758195,4.421803801316266
2019-05-09 16:36:00,5.0,162.0,-1.5450849718747384,4.755282581475767
2019-05-09 16:42:00,4.8,163.0,-1.4033841826691382,4.59026282862257
2019-05-09 16:48:00,4.3,159.0,-1.5409821830447932,4.014395833937966
2019-05-09 16:54:00,3.9,156.0,-1.5862729079956206,3.5628272848061435
2019-05-09 17:00:00,4.2,155.0,-1.7749966993109367,3.8064927055539304
2019-05-09 17:06:00,4.3,155.0,-1.8172585254850067,3.897123484257595
2019-05-09 17:12:00,3.8,156.0,-1.5455992436880406,3.4714727390418836
2019-05-09 17:18:00,3.8,156.0,-1.5455992436880406,3.4714727390418836
2019-05-09 17:24:00,3.7,162.0,-1.1433628791873065,3.518909110292068
2019-05-09 17:30:00,3.5,159.0,-1.2542878234085526,3.2675314927402055
2019-05-09 17:36:00,3.5,151.0,-1.6968336708621792,3.0611689749878854
2019-05-09 17:42:00,4.1,161.0,-1.3348294332743424,3.876626159957199
2019-05-09 17:48:00,3.8,155.0,-1.605949394614657,3.44396959073927
2019-05-09 17:54:00,4.3,144.0,-2.5274765848576353,3.4787730758122732
2019-05-09 18:00:00,4.5,147.0,-2.4508756575676216,3.7740175557544084
2019-05-09 18:06:00,4.5,142.0,-2.770476638965462,3.546048391230249
2019-05-09 18:12:00,4.7,142.0,-2.8936089340305937,3.7036505419515935
2019-05-09 18:18:00,4.6,143.0,-2.768349106499422,3.673723346217547
2019-05-09 18:24:00,4.5,146.0,-2.5163680656183596,3.7306690764976884
2019-05-09 18:30:00,4.9,144.0,-2.88014773623312,3.9641832724372423
2019-05-09 18:36:00,5.2,148.0,-2.755580174012666,4.409850100013415
2019-05-09 18:42:00,5.1,148.0,-2.7025882475893455,4.325045290397772
2019-05-09 18:48:00,5.3,147.0,-2.886586885579643,4.444954010110747
2019-05-09 18:54:00,4.9,151.0,-2.375567139207051,4.28563656498304
2019-05-09 19:00:00,4.6,144.0,-2.703812160545377,3.7214781741247576
2019-05-09 19:06:00,5.1,149.0,-2.6266941820412777,4.371553233580771
2019-05-09 19:12:00,5.4,155.0,-2.282138613399776,4.894062049997911
2019-05-09 19:18:00,5.4,158.0,-2.0228756044459266,5.006792814660652
2019-05-09 19:24:00,5.2,153.0,-2.3607505986456445,4.633233925779512
2019-05-09 19:30:00,4.7,147.0,-2.559803464570627,3.941751669343493
2019-05-09 19:36:00,4.8,139.0,-3.1490833391544353,3.622605985069305
2019-05-09 19:42:00,4.3,127.0,-3.43413269320336,2.587804599553806
2019-05-09 19:48:00,4.5,130.0,-3.4471999940354014,2.892544243589427
2019-05-09 19:54:00,4.6,131.0,-3.471664069024752,3.0178715333563324
2019-05-09 20:00:00,4.6,134.0,-3.3089630815577946,3.195428504111387
2019-05-09 20:06:00,5.0,137.0,-3.409991800312491,3.6567685080958534
2019-05-09 20:12:00,5.0,139.0,-3.280295144952537,3.7735479011138597
2019-05-09 20:18:00,5.1,139.0,-3.3459010478515876,3.8490188591361365
2019-05-09 20:24:00,4.5,139.0,-2.9522656304572834,3.3961931110024737
2019-05-09 20:30:00,4.9,136.0,-3.4038260152490882,3.5247650216593893
2019-05-09 20:36:00,5.1,144.0,-2.9977047866916138,4.125986671312231
2019-05-09 20:42:00,5.7,143.0,-3.4303456319666754,4.55222240726957
2019-05-09 20:48:00,5.6,149.0,-2.884213219496305,4.8001368839318275
2019-05-09 20:54:00,4.7,140.0,-3.021101765526736,3.600408882659196
2019-05-09 21:00:00,5.4,137.0,-3.6827911443374908,3.949309988743522
2019-05-09 21:06:00,5.5,138.0,-3.68021833497372,4.087296540125668
2019-05-09 21:12:00,5.4,136.0,-3.7511552004785873,3.884434921828715
2019-05-09 21:18:00,5.2,142.0,-3.201439671693423,4.097655918754954
2019-05-09 21:24:00,5.0,143.0,-3.0090751157602416,3.993177550236464
2019-05-09 21:30:00,4.9,141.0,-3.083669916144206,3.808015211139156
2019-05-09 21:36:00,5.3,148.0,-2.8085721004359865,4.494654909629057
2019-05-09 21:42:00,5.5,150.0,-2.7500000000000027,4.7631397208144115
2019-05-09 21:48:00,5.3,152.0,-2.4881992827652213,4.679622242152313
2019-05-09 21:54:00,5.6,149.0,-2.884213219496305,4.8001368839318275
2019-05-09 22:00:00,6.4,148.0,-3.3914832910925123,5.427507815401126
2019-05-09 22:06:00,6.5,145.0,-3.7282468362818024,5.324488287878445
2019-05-09 22:12:00,6.6,141.0,-4.153514580928929,5.129163345616005
2019-05-09 22:18:00,6.5,142.0,-4.001799589616779,5.122069898443693
2019-05-09 22:24:00,6.4,141.0,-4.027650502718962,4.973734153324612
2019-05-09 22:30:00,6.7,141.0,-4.2164466200339135,5.206877941761703
2019-05-09 22:36:00,6.7,138.0,-4.483175062604349,4.9790703306985415
2019-05-09 22:42:00,6.5,136.0,-4.515279407983484,4.675708702201231
2019-05-09 22:48:00,6.6,135.0,-4.666904755831214,4.6669047558312124
2019-05-09 22:54:00,6.1,135.0,-4.31335136523794,4.3133513652379385
2019-05-09 23:00:00,6.4,137.0,-4.364789504399989,4.680663690362692
2019-05-09 23:06:00,5.9,136.0,-4.098484385708086,4.24410482199804
2019-05-09 23:12:00,5.8,137.0,-3.95559048836249,4.2418514693911895
2019-05-09 23:18:00,5.4,135.0,-3.8183766184073575,3.8183766184073558
2019-05-09 23:24:00,6.1,131.0,-4.60372843935891,4.001960076842093
2019-05-09 23:30:00,6.9,128.0,-5.437274199886381,4.248064179747044
2019-05-09 23:36:00,6.8,127.0,-5.430721468321592,4.092342157433926
2019-05-09 23:42:00,6.8,129.0,-5.284592537907401,4.279378659138895
2019-05-09 23:48:00,6.9,128.0,-5.437274199886381,4.248064179747044
2019-05-09 23:54:00,7.8,125.0,-6.389385945454136,4.473896203538159
2019-05-10 00:00:00,8.0,131.0,-6.037676641782178,5.248472231924056
2019-05-10 00:06:00,8.2,126.0,-6.6339393538745695,4.819839068798277
2019-05-10 00:12:00,7.8,126.0,-6.310332556124591,4.5847249678812885
2019-05-10 00:18:00,9.0,121.0,-7.714505706319011,4.635342674190487
2019-05-10 00:24:00,8.1,124.0,-6.715204337695837,4.529462518113051
2019-05-10 00:30:00,8.2,120.0,-7.101408311032396,4.1000000000000005
2019-05-10 00:36:00,7.9,116.0,-7.10047296576342,3.4631320596337116
2019-05-10 00:42:00,8.9,121.0,-7.6287889762488,4.583838866699482
2019-05-10 00:48:00,9.3,123.0,-7.799636281892447,5.065143025639748
2019-05-10 00:54:00,10.2,121.0,-8.743106467161546,5.253388364082552
2019-05-10 01:00:00,10.8,109.0,-10.211600616472623,3.516136068137288
2019-05-10 01:06:00,10.8,104.0,-10.479193843780763,2.6127564724764083
2019-05-10 01:12:00,10.7,106.0,-10.285500146540011,2.949319707241893
2019-05-10 01:18:00,10.4,110.0,-9.772803256173447,3.5570094905869576
2019-05-10 01:24:00,11.1,112.0,-10.29174078569134,4.158133186916623
2019-05-10 01:30:00,9.4,111.0,-8.775656009073696,3.368658725725824
2019-05-10 01:36:00,10.6,113.0,-9.75735144659587,4.1417499619862985
2019-05-10 01:42:00,10.4,114.0,-9.500872759483052,4.230061087988318
2019-05-10 01:48:00,9.9,117.0,-8.820964589464843,4.494505947421512
2019-05-10 01:54:00,9.9,118.0,-8.74118116930338,4.647768471580315
2019-05-10 02:00:00,9.2,117.0,-8.197260022532985,4.176712597603829
2019-05-10 02:06:00,10.8,113.0,-9.941452417286358,4.219896187684154
2019-05-10 02:12:00,10.7,118.0,-9.44753924359052,5.023345721809027
2019-05-10 02:18:00,11.3,114.0,-10.323063671361393,4.596124066756538
2019-05-10 02:24:00,10.8,116.0,-9.706975700031006,4.734408385322037
2019-05-10 02:30:00,11.0,116.0,-9.886734509290838,4.822082614679852
2019-05-10 02:36:00,11.3,120.0,-9.786087062764157,5.650000000000001
2019-05-10 02:42:00,12.2,120.0,-10.56550992617015,6.100000000000001
2019-05-10 02:48:00,12.4,126.0,-10.03181073024935,7.288537128426665
2019-05-10 02:54:00,11.4,121.0,-9.77170722800408,5.8714340539746175
2019-05-10 03:00:00,11.2,124.0,-9.285220812616465,6.262960518872366
2019-05-10 03:06:00,11.8,119.0,-10.320512544244869,5.72075351890678
2019-05-10 03:12:00,11.3,120.0,-9.786087062764157,5.650000000000001
2019-05-10 03:18:00,12.2,122.0,-10.346186773108398,6.465015023645097
2019-05-10 03:24:00,13.3,131.0,-10.037637416962871,8.725585085573744
2019-05-10 03:30:00,11.3,134.0,-8.128539743826758,7.84963958618667
2019-05-10 03:36:00,12.3,137.0,-8.388579828768728,8.9956505299158
2019-05-10 03:42:00,11.9,140.0,-7.649172555269821,9.115928873115836
2019-05-10 03:48:00,12.5,143.0,-7.522687789400603,9.982943875591161
2019-05-10 03:54:00,10.9,132.0,-8.100278597703602,7.29352360931155
2019-05-10 04:00:00,10.3,132.0,-7.654391702417165,6.892045245496235
2019-05-10 04:06:00,9.4,123.0,-7.883503338686989,5.11960692914125
2019-05-10 04:12:00,9.4,32.0,-4.981241083792125,-7.971652103870405
2019-05-10 04:18:00,5.7,18.0,-1.7613968679371996,-5.421022142882376
2019-05-10 04:24:00,5.2,337.0,2.0318018681442247,-4.7866252379526895
2019-05-10 04:30:00,7.0,352.0,0.974211706720462,-6.931876481190992
2019-05-10 04:36:00,7.3,336.0,2.9691774944533473,-6.668881840790983
2019-05-10 04:42:00,7.7,20.0,-2.6335551036076486,-7.2356331800514955
2019-05-10 04:48:00,9.3,20.0,-3.180787332928719,-8.739141373308948
2019-05-10 04:54:00,6.8,10.0,-1.180807608135127,-6.696692720483014
2019-05-10 05:00:00,9.4,40.0,-6.042203531053469,-7.200817765318393
2019-05-10 05:06:00,7.4,44.0,-5.14047194139658,-5.323114522506018
2019-05-10 05:12:00,9.2,50.0,-7.047608876694596,-5.913646009116163
2019-05-10 05:18:00,10.4,53.0,-8.305809304491845,-6.258876240781302
2019-05-10 05:24:00,9.6,60.0,-8.313843876330608,-4.800000000000004
2019-05-10 05:30:00,8.2,36.0,-4.819839068798278,-6.633939353874569
2019-05-10 05:36:00,11.2,53.0,-8.944717712529679,-6.74032825930294
2019-05-10 05:42:00,13.1,53.0,-10.462125181619536,-7.883776803291832
2019-05-10 05:48:00,13.9,53.0,-11.101033589657371,-8.36522882181347
2019-05-10 05:54:00,14.8,66.0,-13.520472773110495,-6.019702317521841
2019-05-10 06:00:00,12.7,76.0,-12.322755723705155,-3.072408074115781
2019-05-10 06:06:00,13.6,66.0,-12.424218223939373,-5.531618345830881
2019-05-10 06:12:00,13.4,65.0,-12.144524346291112,-5.6630847073253685
2019-05-10 06:18:00,14.7,61.0,-12.856909694949119,-7.126701417621151
2019-05-10 06:24:00,12.9,65.0,-11.691370452772787,-5.451775576455019
2019-05-10 06:30:00,12.9,62.0,-11.390023947880158,-6.056183159937991
2019-05-10 06:36:00,15.2,65.0,-13.775878362957082,-6.423797578458627
2019-05-10 06:42:00,13.4,68.0,-12.42426365119495,-5.0197283517732245
2019-05-10 06:48:00,10.9,69.0,-10.176026648819498,-3.906210650043778
2019-05-10 06:54:00,10.2,72.0,-9.700776466210565,-3.1519733426244647
2019-05-10 07:00:00,8.1,86.0,-8.080268807104575,-0.5650274373274172
2019-05-10 07:06:00,10.1,80.0,-9.9465583054233,-1.7538465944359962
2019-05-10 07:12:00,9.5,72.0,-9.035036904803958,-2.9356614465620017
2019-05-10 07:18:00,9.6,73.0,-9.18052565724514,-2.806768365338276
2019-05-10 07:24:00,7.6,70.0,-7.141663917972903,-2.599353089275081
2019-05-10 07:30:00,9.1,67.0,-8.376594166417206,-3.555653269252392
2019-05-10 07:36:00,9.7,60.0,-8.400446416709054,-4.850000000000004
2019-05-10 07:42:00,9.8,66.0,-8.95274548489749,-3.986019102142841
2019-05-10 07:48:00,9.4,77.0,-9.159078608981211,-2.1145399108323333
2019-05-10 07:54:00,9.7,82.0,-9.60560026679323,-1.3499790793126385
2019-05-10 08:00:00,10.1,78.0,-9.879290767411437,-2.0999080772593737
2019-05-10 08:06:00,9.2,83.0,-9.131424595100162,-1.1211979593273538
2019-05-10 08:12:00,9.5,85.0,-9.463849631871582,-0.8279795561027534
2019-05-10 08:18:00,10.0,88.0,-9.993908270190957,-0.3489949670250076
2019-05-10 08:24:00,10.5,89.0,-10.498400799142109,-0.18325026759147672
2019-05-10 08:30:00,10.4,89.0,-10.39841602962647,-0.1815050269477484
2019-05-10 08:36:00,11.0,89.0,-10.998324646720304,-0.19197647081011848
2019-05-10 08:42:00,12.1,89.0,-12.098157111392334,-0.21117411789113033
2019-05-10 08:48:00,12.2,87.0,-12.1832803240058,-0.6384986661639205
2019-05-10 08:54:00,12.7,86.0,-12.669063438299766,-0.8859072165503948
2019-05-10 09:00:00,12.3,88.0,-12.29250717233488,-0.42926380944075937
2019-05-10 09:06:00,13.0,93.0,-12.98218395180946,0.6803674311582713
2019-05-10 09:12:00,12.1,94.0,-12.070525008143873,0.8440533323039151
2019-05-10 09:18:00,14.4,98.0,-14.259860189878614,2.0040926538249426
2019-05-10 09:24:00,13.8,98.0,-13.665699348633671,1.9205887932489034
2019-05-10 09:30:00,13.1,94.0,-13.068089058403698,0.9138098060480403
2019-05-10 09:36:00,12.9,98.0,-12.774458086766257,1.7953330023848446
2019-05-10 09:42:00,13.4,95.0,-13.34900895442939,1.1678869528186158
2019-05-10 09:54:00,13.2,95.0,-13.14977001481104,1.150455804269084
2019-05-10 10:00:00,14.6,103.0,-14.225802945864434,3.284285393420428
2019-05-10 10:06:00,14.8,105.0,-14.295702229078213,3.8305218675173007
2019-05-10 10:12:00,14.4,108.0,-13.695213834650213,4.44984471899924
2019-05-10 10:18:00,14.3,105.0,-13.81273931593368,3.7011123449660404
2019-05-10 10:24:00,12.3,105.0,-11.880887663355542,3.1834742547609998
2019-05-10 10:30:00,13.0,99.0,-12.839948427736791,2.0336480455229986
2019-05-10 10:36:00,12.0,93.0,-11.983554417054886,0.6280314749153273
2019-05-10 10:42:00,11.2,92.0,-11.193177262613872,0.3908743630680143
2019-05-10 10:48:00,11.1,93.0,-11.084787835775769,0.5809291142966778
2019-05-10 10:54:00,11.1,92.0,-11.093238179911962,0.3873844133977642
2019-05-10 11:00:00,13.2,101.0,-12.957478821509163,2.5186787389703955
2019-05-10 11:06:00,13.7,102.0,-13.400622130053137,2.848390164203304
2019-05-10 11:12:00,13.1,99.0,-12.938717261796304,2.049291492027022
2019-05-10 11:18:00,12.9,101.0,-12.662990666474863,2.461436040357432
2019-05-10 11:24:00,12.4,107.0,-11.858178973941639,3.625409138561935
2019-05-10 11:30:00,13.5,112.0,-12.51698203665163,5.0571890111148114
2019-05-10 11:36:00,13.3,113.0,-12.242714550917459,5.196724008907338
2019-05-10 11:42:00,12.2,116.0,-10.965287364849837,5.348127990826744
2019-05-10 11:48:00,11.5,111.0,-10.73617490471782,4.121231419770955
2019-05-10 11:54:00,7.1,96.0,-7.061105457114741,0.7421520892003362
2019-05-10 12:00:00,6.6,84.0,-6.563844509430604,-0.6898878575665122
2019-05-10 12:06:00,9.8,74.0,-9.420364620195526,-2.7012460870065893
2019-05-10 12:12:00,7.7,86.0,-7.681243187000646,-0.537124847829767
2019-05-10 12:18:00,8.2,91.0,-8.198751100282408,0.14310973278572164
2019-05-10 12:24:00,7.1,87.0,-7.090269696757474,-0.37158528932490453
2019-05-10 12:30:00,7.4,85.0,-7.371840765878917,-0.644952496332671
2019-05-10 12:36:00,7.9,97.0,-7.841114597966444,0.9627678129006667
2019-05-10 12:42:00,6.5,88.0,-6.496040375624123,-0.22684672856625496
2019-05-10 12:48:00,5.6,79.0,-5.497112227306918,-1.0685303741086498
2019-05-10 12:54:00,5.3,61.0,-4.635484447838798,-2.5694909873055853
2019-05-10 13:00:00,5.6,72.0,-5.325916491252859,-1.7304951684997063
2019-05-10 13:06:00,3.6,85.0,-3.586300913130284,-0.3137606738915697
2019-05-10 13:12:00,3.9,97.0,-3.8709299914011557,0.47529043928007597
2019-05-10 13:18:00,4.0,108.0,-3.8042260651806146,1.236067977499789
2019-05-10 13:24:00,3.7,115.0,-3.3533388120356045,1.5636875684405886
2019-05-10 13:30:00,3.9,122.0,-3.3073875750100616,2.066685130509498
2019-05-10 13:36:00,7.0,160.0,-2.3941410032796804,6.5778483455013586
2019-05-10 13:42:00,8.1,165.0,-2.0964342653304175,7.823999192941453
2019-05-10 13:48:00,9.8,174.0,-1.0243789400230034,9.746314574609078
2019-05-10 13:54:00,9.2,178.0,-0.32107536966300754,9.19439560857568
2019-05-10 14:00:00,10.4,165.0,-2.6917180690662152,10.045628593406311
2019-05-10 14:06:00,11.8,154.0,-5.172779532111118,10.60576974633017
2019-05-10 14:12:00,12.3,155.0,-5.198204619410601,11.147585780550797
2019-05-10 14:18:00,10.8,152.0,-5.070292878087621,9.535834002876411
2019-05-10 14:24:00,10.4,157.0,-4.0636037362884485,9.573250475905379
2019-05-10 14:30:00,9.4,157.0,-3.6728726077991745,8.652745622452938
2019-05-10 14:36:00,8.3,157.0,-3.2430683664609736,7.640190283655254
2019-05-10 14:42:00,7.1,161.0,-2.3115338966458125,6.713181886755149
2019-05-10 14:48:00,4.5,165.0,-1.164685702961343,4.346666218300808
2019-05-10 14:54:00,4.7,162.0,-1.4523798735622542,4.469965626587221
2019-05-10 15:00:00,2.7,180.0,-6.613092715395707e-16,2.7
2019-05-10 15:06:00,1.1,276.0,1.0939740849051007,-0.11498130959441913
2019-05-10 15:12:00,0.3,281.0,0.2944881550342992,-0.057242698612963494
2019-05-10 15:18:00,0.3,47.0,-0.21940611048575112,-0.20459950801874957
2019-05-10 15:24:00,0.6,336.0,0.24404198584548062,-0.5481272745855603
2019-05-10 15:30:00,1.7,12.0,-0.35344987439019115,-1.6628509212474694
2019-05-10 15:36:00,1.9,2.0,-0.0663090437347517,-1.8988425713362818
2019-05-10 15:42:00,1.6,36.0,-0.9404564036679569,-1.294427190999916
2019-05-10 15:48:00,3.1,356.0,0.2162450686067871,-3.0924485558054555
2019-05-10 15:54:00,2.6,354.0,0.2717740044959015,-2.5857569279575108
2019-05-10 16:00:00,3.1,351.0,0.4849468416247141,-3.061833855844927
2019-05-10 16:06:00,2.7,349.0,0.5151842875166732,-2.6503933953086922
2019-05-10 16:12:00,2.5,353.0,0.30467335851286836,-2.4813653791033055
2019-05-10 16:18:00,3.8,357.0,0.19887663372318906,-3.7947922320673806
2019-05-10 16:24:00,3.6,2.0,-0.12563818812900324,-3.597806977268745
2019-05-10 16:30:00,4.6,7.0,-0.5605989796636776,-4.565712297550081
2019-05-10 16:36:00,3.8,27.0,-1.7251638990102771,-3.3858247919157978
2019-05-10 16:42:00,4.0,36.0,-2.351141009169892,-3.23606797749979
2019-05-10 16:48:00,3.5,26.0,-1.5342990137617711,-3.1457791620470843
2019-05-10 16:54:00,3.7,25.0,-1.5636875684405873,-3.3533388120356054
2019-05-10 17:00:00,3.8,21.0,-1.3617982082721416,-3.5476056206893665
2019-05-10 17:06:00,3.6,25.0,-1.5214257422665174,-3.2627080333319403
2019-05-10 17:12:00,4.3,44.0,-2.987030992973688,-3.0931611414561995
2019-05-10 17:18:00,5.6,56.0,-4.642610406308234,-3.131480259436181
2019-05-10 17:24:00,5.3,62.0,-4.679622242152313,-2.488199282765221
2019-05-10 17:30:00,4.9,57.0,-4.109485782932579,-2.668731271573632
2019-05-10 17:36:00,5.9,65.0,-5.347215943516236,-2.4934477442701253
2019-05-10 17:42:00,5.5,58.0,-4.664264528860342,-2.9145559532826275
2019-05-10 17:48:00,5.0,46.0,-3.596699001693256,-3.4732918522949863
2019-05-10 17:54:00,4.0,27.0,-1.8159619989581866,-3.5640260967534716
2019-05-10 18:00:00,3.9,40.0,-2.506871677777503,-2.987573328164014
2019-05-10 18:06:00,3.9,37.0,-2.3470785902929885,-3.114678489184442
2019-05-10 18:12:00,5.1,55.0,-4.177675425873857,-2.9252398253903364
2019-05-10 18:18:00,5.1,49.0,-3.849018859136137,-3.3459010478515867
2019-05-10 18:24:00,5.0,55.0,-4.095760221444958,-2.867882181755232
2019-05-10 18:30:00,4.4,40.0,-2.828265482620773,-3.3705955497235034
2019-05-10 18:36:00,4.1,47.0,-2.9985501766385987,-2.796193276256244
2019-05-10 18:42:00,5.2,56.0,-4.3109953772862175,-2.907803098047882
2019-05-10 18:48:00,4.9,56.0,-4.062284105519705,-2.740045227006658
2019-05-10 18:54:00,5.5,65.0,-4.984692828701576,-2.3244004395738456
2019-05-10 19:00:00,5.5,71.0,-5.200352165796243,-1.7906248495143615
2019-05-10 19:06:00,5.1,66.0,-4.659081833977265,-2.0743568796865803
2019-05-10 19:12:00,5.6,69.0,-5.228050388384329,-2.006860517453684
2019-05-10 19:18:00,6.3,73.0,-6.024719962567122,-1.8419417397532436
2019-05-10 19:24:00,6.3,76.0,-6.112863075538778,-1.524107942277907
2019-05-10 19:30:00,6.3,68.0,-5.84125828377076,-2.360021538520247
2019-05-10 19:36:00,5.9,70.0,-5.54418646263686,-2.0179188456214447
2019-05-10 19:42:00,6.2,73.0,-5.9290894869708195,-1.81270456928097
2019-05-10 19:48:00,5.5,86.0,-5.486602276429033,-0.38366060559269066
2019-05-10 19:54:00,5.2,82.0,-5.149393957456166,-0.7237001249923424
2019-05-10 20:00:00,6.4,81.0,-6.321205379808881,-1.0011805762574786
2019-05-10 20:06:00,6.1,87.0,-6.0916401620029,-0.31924933308196024
2019-05-10 20:12:00,6.7,93.0,-6.690817882855645,0.35065090682772443
2019-05-10 20:18:00,6.9,92.0,-6.895796706431761,0.24080652724725884
2019-05-10 20:24:00,7.3,87.0,-7.289995603708388,-0.38205248057349345
2019-05-10 20:30:00,6.3,85.0,-6.276026597977997,-0.5490811793102469
2019-05-10 20:36:00,6.4,90.0,-6.4,-1.175660927181459e-15
2019-05-10 20:42:00,7.1,85.0,-7.072982356451393,-0.6188057735083735
2019-05-10 20:48:00,7.1,93.0,-7.090269696757474,0.371585289324902
2019-05-10 20:54:00,5.9,89.0,-5.899101401422709,-0.10296919797997264
2019-05-10 21:00:00,7.2,88.0,-7.19561395453749,-0.2512763762580055
2019-05-10 21:06:00,6.7,87.0,-6.690817882855645,-0.35065090682772687
2019-05-10 21:12:00,6.9,90.0,-6.9,-1.2675094371175106e-15
2019-05-10 21:18:00,7.4,95.0,-7.371840765878917,0.6449524963326684
2019-05-10 21:24:00,6.4,89.0,-6.399025249000904,-0.11169540119861439
2019-05-10 21:30:00,6.3,90.0,-6.3,-1.1572912251942486e-15
2019-05-10 21:36:00,7.0,90.0,-7.0,-1.2858791391047208e-15
2019-05-10 21:42:00,7.5,80.0,-7.3860581475915605,-1.3023613325019774
2019-05-10 21:48:00,6.7,87.0,-6.690817882855645,-0.35065090682772687
2019-05-10 21:54:00,7.1,80.0,-6.992135046386677,-1.2329020614352053
2019-05-10 22:00:00,6.4,90.0,-6.4,-1.175660927181459e-15
2019-05-10 22:06:00,7.3,82.0,-7.228956901813462,-1.0159636370084806
2019-05-10 22:12:00,6.4,83.0,-6.352295370504462,-0.7799637977929419
2019-05-10 22:18:00,6.9,79.0,-6.773227565788882,-1.316582068098158
2019-05-10 22:24:00,7.2,78.0,-7.0426627252834,-1.4969641738878705
2019-05-10 22:30:00,7.3,73.0,-6.981024718530158,-2.1343134444759806
2019-05-10 22:36:00,6.9,78.0,-6.749218445063259,-1.4345906666425425
2019-05-10 22:42:00,6.3,80.0,-6.204288843976911,-1.0939835193016612
2019-05-10 22:48:00,6.2,75.0,-5.9887401229922235,-1.604678079635628
2019-05-10 22:54:00,6.4,73.0,-6.120350438163427,-1.8711789102255176
2019-05-10 23:00:00,6.2,71.0,-5.862215168715765,-2.018522557634371
2019-05-10 23:06:00,6.4,64.0,-5.752281896314668,-2.8055753394500975
2019-05-10 23:12:00,6.7,64.0,-6.021920110204418,-2.937086683486821
2019-05-10 23:18:00,6.9,64.0,-6.201678919464252,-3.0247609128446364
2019-05-10 23:24:00,6.7,65.0,-6.072262173145556,-2.8315423536626843
2019-05-10 23:30:00,7.0,65.0,-6.344154509256551,-2.958327832184894
2019-05-10 23:36:00,6.8,65.0,-6.162892951849221,-2.873804179836754
2019-05-10 23:42:00,6.7,68.0,-6.212131825597475,-2.5098641758866123
2019-05-10 23:48:00,6.5,71.0,-6.1458707413955596,-2.116193003971518
2019-05-10 23:54:00,6.3,69.0,-5.88155668693237,-2.2577180821353946
2019-05-11 00:00:00,6.1,63.0,-5.435139797549043,-2.769342048411236
2019-05-11 00:06:00,5.9,65.0,-5.347215943516236,-2.4934477442701253
2019-05-11 00:12:00,6.3,65.0,-5.709739058330896,-2.6624950489664045
2019-05-11 00:18:00,6.0,70.0,-5.638155724715451,-2.0521208599540115
2019-05-11 00:24:00,5.5,69.0,-5.134692345734609,-1.971023722499154
2019-05-11 00:30:00,5.3,67.0,-4.878675723297933,-2.070874980993151
2019-05-11 00:36:00,5.2,67.0,-4.7866252379526895,-2.031801868144224
2019-05-11 00:42:00,4.7,77.0,-4.579539304490606,-1.0572699554161666
2019-05-11 00:48:00,4.7,68.0,-4.3577641164639,-1.760650989054788
2019-05-11 00:54:00,4.5,72.0,-4.2797543233281905,-1.390576474687264
2019-05-11 01:00:00,4.4,81.0,-4.345828698618606,-0.6883116461770166
2019-05-11 01:06:00,3.3,84.0,-3.281922254715302,-0.3449439287832561
2019-05-11 01:12:00,3.6,85.0,-3.586300913130284,-0.3137606738915697
2019-05-11 01:18:00,3.5,82.0,-3.465938240595496,-0.4871058533602304
2019-05-11 01:24:00,3.3,75.0,-3.187555226753925,-0.854102848838318
2019-05-11 01:30:00,3.4,80.0,-3.348346360241507,-0.5904038040675631
2019-05-11 01:36:00,2.9,84.0,-2.8841134965679927,-0.3031325434761947
2019-05-11 01:42:00,2.9,84.0,-2.8841134965679927,-0.3031325434761947
2019-05-11 01:48:00,3.2,95.0,-3.187823033893586,0.27889837679250523
2019-05-11 01:54:00,3.3,92.0,-3.297989729163016,0.11516833911825422
2019-05-11 02:00:00,3.5,90.0,-3.5,-6.429395695523604e-16
2019-05-11 02:06:00,4.1,86.0,-4.090012606065279,-0.28600154235091485
2019-05-11 02:12:00,4.2,85.0,-4.184017731985332,-0.36605411954016465
2019-05-11 02:18:00,3.6,86.0,-3.5912305809353673,-0.2511233054788521
2019-05-11 02:24:00,3.6,87.0,-3.595066325116466,-0.1884094424745995
2019-05-11 02:30:00,3.6,76.0,-3.4930646145935875,-0.8709188241588041
2019-05-11 02:36:00,3.6,81.0,-3.5556780261424956,-0.5631640741448317
2019-05-11 02:42:00,3.2,89.0,-3.199512624500452,-0.055847700599307194
2019-05-11 02:48:00,3.6,97.0,-3.5731661459087594,0.4387296362585317
2019-05-11 02:54:00,3.8,99.0,-3.7532156942615233,0.5944509671528765
2019-05-11 03:00:00,3.6,95.0,-3.586300913130284,0.3137606738915684
2019-05-11 03:06:00,3.5,96.0,-3.480826633788957,0.36584962143678545
2019-05-11 03:12:00,3.3,94.0,-3.29196136585742,0.23019636335561322
2019-05-11 03:18:00,3.1,94.0,-3.0924485558054555,0.2162450686067882
2019-05-11 03:24:00,3.0,86.0,-2.9926921507794724,-0.20926942123237674
2019-05-11 03:30:00,3.1,87.0,-3.0957515577391788,-0.16224146435312736
2019-05-11 03:36:00,3.0,83.0,-2.9776384549239663,-0.3656080302154415
2019-05-11 03:42:00,2.8,80.0,-2.757461708434182,-0.48621489746740487
2019-05-11 03:48:00,2.7,80.0,-2.6589809331329617,-0.4688500797007119
2019-05-11 03:54:00,2.9,81.0,-2.8642961877258992,-0.45365994861667
2019-05-11 04:00:00,2.9,75.0,-2.801184896238298,-0.7505752307973098
2019-05-11 04:06:00,3.0,71.0,-2.8365557267979504,-0.9767044633714699
2019-05-11 04:12:00,3.1,77.0,-3.020547200834229,-0.6973482684659823
2019-05-11 04:18:00,3.1,70.0,-2.913047124436316,-1.0602624443095725
2019-05-11 04:24:00,2.7,70.0,-2.537170076121953,-0.9234543869793052
2019-05-11 04:30:00,2.7,38.0,-1.6622859833792771,-2.1276290347381495
2019-05-11 04:36:00,2.4,26.0,-1.052090752293786,-2.1571057111180005
2019-05-11 04:42:00,2.1,37.0,-1.2638115486193016,-1.677134571099315
2019-05-11 04:48:00,2.9,51.0,-2.2537232882252147,-1.8250291340445297
2019-05-11 04:54:00,3.2,65.0,-2.9001849185172808,-1.3523784375702375
2019-05-11 05:00:00,3.3,57.0,-2.7676128742198998,-1.7973088155495889
2019-05-11 05:06:00,3.8,52.0,-2.994440863705544,-2.3395136062375004
2019-05-11 05:12:00,3.5,41.0,-2.296206601466775,-2.6414835307797024
2019-05-11 05:18:00,4.3,48.0,-3.195522749552796,-2.87726160734309
2019-05-11 05:24:00,4.8,55.0,-3.9319298125871596,-2.7531668944850227
2019-05-11 05:30:00,3.5,26.0,-1.5342990137617711,-3.1457791620470843
2019-05-11 05:36:00,3.5,36.0,-2.0572483830236554,-2.831559480312316
2019-05-11 05:42:00,3.5,39.0,-2.2026213686744316,-2.7200108650993977
2019-05-11 05:48:00,3.7,34.0,-2.0690137428417628,-3.0674390184536544
2019-05-11 05:54:00,3.9,37.0,-2.3470785902929885,-3.114678489184442
2019-05-11 06:00:00,4.1,47.0,-2.9985501766385987,-2.796193276256244
2019-05-11 06:06:00,4.6,54.0,-3.7214781741247576,-2.7038121605453767
2019-05-11 06:12:00,5.2,53.0,-4.1529046522459225,-3.129438120390651
2019-05-11 06:18:00,5.2,57.0,-4.361086953316206,-2.83212298207814
2019-05-11 06:24:00,5.1,63.0,-4.544133273360675,-2.315351548671689
2019-05-11 06:30:00,5.5,66.0,-5.024500017034305,-2.2370515369169004
2019-05-11 06:36:00,5.5,70.0,-5.168309414322496,-1.881110788291177
2019-05-11 06:42:00,5.2,79.0,-5.104461353927853,-0.992206775958032
2019-05-11 06:48:00,5.9,71.0,-5.578559596035969,-1.9208521112972243
2019-05-11 06:54:00,6.3,78.0,-6.162329884622975,-1.3098436521518866
2019-05-11 07:00:00,6.1,80.0,-6.007327293374469,-1.059253883768275
2019-05-11 07:06:00,6.3,83.0,-6.253040755340329,-0.7677768634524271
2019-05-11 07:12:00,5.5,80.0,-5.416442641567144,-0.9550649771681168
2019-05-11 07:18:00,5.6,83.0,-5.5582584491914035,-0.6824683230688241
2019-05-11 07:24:00,5.2,85.0,-5.180212430077077,-0.4532098622878229
2019-05-11 07:30:00,5.3,81.0,-5.234748205154229,-0.8291026647132245
2019-05-11 07:36:00,6.5,70.0,-6.108002035108405,-2.2231309316168457
2019-05-11 07:42:00,6.0,70.0,-5.638155724715451,-2.0521208599540115
2019-05-11 07:48:00,5.9,76.0,-5.7247447850283795,-1.42733918403804
2019-05-11 07:54:00,5.5,72.0,-5.230810839623344,-1.6995934690622116
2019-05-11 08:00:00,4.9,77.0,-4.774413317447652,-1.1022601662849398
2019-05-11 08:06:00,4.7,81.0,-4.6421352007971475,-0.7352419856890859
2019-05-11 08:12:00,4.9,84.0,-4.87315728730454,-0.5121894700115015
2019-05-11 08:18:00,4.7,81.0,-4.6421352007971475,-0.7352419856890859
2019-05-11 08:24:00,5.4,72.0,-5.135705187993829,-1.668691769624717
2019-05-11 08:30:00,5.2,72.0,-4.945493884734798,-1.6068883707497275
2019-05-11 08:36:00,5.2,69.0,-4.854618217785449,-1.8635133376355637
2019-05-11 08:42:00,5.0,70.0,-4.698463103929543,-1.7101007166283426
2019-05-11 08:48:00,5.2,71.0,-4.9166965931164475,-1.6929544031772146
2019-05-11 08:54:00,5.0,71.0,-4.727592877996584,-1.6278407722857833
2019-05-11 09:00:00,4.5,79.0,-4.417322325514488,-0.8586404791944507
2019-05-11 09:06:00,5.0,84.0,-4.972609476841367,-0.5226423163382667
2019-05-11 09:12:00,4.5,86.0,-4.489038226169209,-0.31390413184856514
2019-05-11 09:18:00,4.8,83.0,-4.7642215278783455,-0.5849728483447064
2019-05-11 09:24:00,4.8,86.0,-4.788307441247156,-0.3348310739718028
2019-05-11 09:30:00,4.8,80.0,-4.727077214458598,-0.8335112528012656
2019-05-11 09:36:00,4.8,82.0,-4.753286729959537,-0.668030884608316
2019-05-11 09:42:00,4.6,82.0,-4.555233116211223,-0.6401962644163027
2019-05-11 09:48:00,4.3,82.0,-4.258152695588752,-0.598444334128283
2019-05-11 09:54:00,4.7,79.0,-4.613647762204021,-0.8968022782697597
2019-05-11 10:00:00,4.6,70.0,-4.3225860556151785,-1.5732926592980752
2019-05-11 10:06:00,4.6,59.0,-3.9429695832297154,-2.36917514458625
2019-05-11 10:12:00,4.8,75.0,-4.636443966187528,-1.2423314164920989
2019-05-11 10:18:00,4.1,92.0,-4.097502390778292,0.14308793648025525
2019-05-11 10:24:00,4.1,88.0,-4.097502390778292,-0.14308793648025311
2019-05-11 10:30:00,3.7,85.0,-3.6859203829394587,-0.3224762481663355
2019-05-11 10:36:00,3.3,88.0,-3.297989729163016,-0.1151683391182525
2019-05-11 10:42:00,3.7,97.0,-3.6724207610728916,0.45091657059904644
2019-05-11 10:48:00,3.8,92.0,-3.7976851426725635,0.13261808746950488
2019-05-11 10:54:00,3.5,93.0,-3.4952033716410082,0.1831758468503038
2019-05-11 11:00:00,3.3,92.0,-3.297989729163016,0.11516833911825422
2019-05-11 11:06:00,3.6,94.0,-3.5912305809353677,0.2511233054788508
2019-05-11 11:12:00,3.9,97.0,-3.8709299914011557,0.47529043928007597
2019-05-11 11:18:00,3.8,103.0,-3.7026062461838936,0.8548140065066867
2019-05-11 11:24:00,3.8,97.0,-3.7716753762370234,0.4631035049395612
2019-05-11 11:30:00,3.7,92.0,-3.6977460599706546,0.12912813779925475
2019-05-11 11:36:00,3.5,90.0,-3.5,-6.429395695523604e-16
2019-05-11 11:42:00,3.3,90.0,-3.3,-6.062001655779398e-16
2019-05-11 11:48:00,3.4,98.0,-3.3669114337213393,0.47318854326422255
2019-05-11 11:54:00,3.5,104.0,-3.396035041965988,0.846726634598836
2019-05-11 12:00:00,4.0,127.0,-3.194542040189172,2.4072600926081917
2019-05-11 12:06:00,4.0,126.0,-3.2360679774997902,2.3511410091698917
2019-05-11 12:12:00,4.4,130.0,-3.370595549723504,2.828265482620773
2019-05-11 12:18:00,4.6,135.0,-3.2526911934581193,3.2526911934581175
2019-05-11 12:24:00,4.5,140.0,-2.892544243589428,3.4471999940354
2019-05-11 12:30:00,4.1,142.0,-2.5242120488351985,3.23084408978756
2019-05-11 12:36:00,4.7,146.0,-2.628206646312509,3.896476591008697
2019-05-11 12:42:00,4.8,149.0,-2.4721827595682613,4.114403043370138
2019-05-11 12:48:00,4.3,149.0,-2.2146637221132344,3.685819393019082
2019-05-11 12:54:00,4.9,154.0,-2.148018619266481,4.404090826865918
2019-05-11 13:00:00,4.9,161.0,-1.5952839568400679,4.633041020436653
2019-05-11 13:06:00,4.2,159.0,-1.5051453880902632,3.9210377912882466
2019-05-11 13:12:00,4.4,163.0,-1.2864355007800437,4.2077409262373555
2019-05-11 13:18:00,4.5,171.0,-0.70395509268104,4.444597532678119
2019-05-11 13:24:00,3.7,169.0,-0.7059932828932153,3.632020578756357
2019-05-11 13:30:00,6.3,166.0,-1.5241079422779076,6.112863075538778
2019-05-11 13:36:00,4.7,169.0,-0.89680227826976,4.613647762204021
2019-05-11 13:42:00,4.4,161.0,-1.4324998796114896,4.160281732636994
2019-05-11 13:48:00,3.9,157.0,-1.523851401108168,3.589968928464517
2019-05-11 13:54:00,3.3,160.0,-1.1286664729747062,3.1009856485934977
2019-05-11 14:00:00,1.8,163.0,-0.5262690685009269,1.7213485607334635
2019-05-11 14:06:00,1.9,139.0,-1.246512155081964,1.4339482024232666
2019-05-11 14:12:00,2.2,132.0,-1.6349186160502682,1.4720873339894873
2019-05-11 14:18:00,2.4,129.0,-1.8651503074967297,1.51036893851961
2019-05-11 14:24:00,1.7,123.0,-1.4257399655072212,0.9258863595255452
2019-05-11 14:30:00,2.2,109.0,-2.0801408663184975,0.7162499398057439
2019-05-11 14:36:00,2.7,109.0,-2.5529001541181557,0.879034017034322
2019-05-11 14:42:00,2.1,118.0,-1.854189945003747,0.9858902818503699
2019-05-11 14:48:00,1.7,118.0,-1.501010907860176,0.7981016567360137
2019-05-11 14:54:00,2.3,119.0,-2.0116253264206096,1.1150621265665757
2019-05-11 15:00:00,1.5,127.0,-1.1979532650709395,0.9027225347280718
2019-05-11 15:06:00,0.1,124.0,-0.08290375725550417,0.055919290347074706
2019-05-11 15:12:00,1.2,306.0,0.9708203932499371,-0.7053423027509674
2019-05-11 15:18:00,1.5,324.0,0.88167787843871,-1.2135254915624207
2019-05-11 15:24:00,1.3,337.0,0.5079504670360562,-1.1966563094881724
2019-05-11 15:30:00,1.5,301.0,1.2857509510531686,-0.7725571123650811
2019-05-11 15:36:00,1.9,314.0,1.3667456206434372,-1.3198509038720945
2019-05-11 15:42:00,1.9,293.0,1.7489592215596368,-0.7423891441296194
2019-05-11 15:48:00,1.9,311.0,1.4339482024232675,-1.2465121550819631
2019-05-11 15:54:00,1.9,350.0,0.3299315375671679,-1.8711347307231951
2019-05-11 16:00:00,2.4,301.0,2.05720152168507,-1.2360913797841298
2019-05-11 16:06:00,2.2,328.0,1.16582238131305,-1.865705811544138
2019-05-11 16:12:00,2.4,339.0,0.860083078908722,-2.2405930235932834
2019-05-11 16:18:00,2.9,327.0,1.5794532015435785,-2.4321446470417296
2019-05-11 16:24:00,3.4,326.0,1.9012558718005412,-2.81872774668714
2019-05-11 16:30:00,2.8,331.0,1.3574669366897456,-2.448935179990307
2019-05-11 16:36:00,2.5,333.0,1.1349762493488658,-2.22751631047092
2019-05-11 16:42:00,3.1,347.0,0.6973482684659829,-3.020547200834229
2019-05-11 16:48:00,4.1,360.0,1.5063155629512442e-15,-4.1
2019-05-11 16:54:00,3.7,355.0,0.32247624816633624,-3.6859203829394587
2019-05-11 17:00:00,3.1,9.0,-0.4849468416247153,-3.061833855844927
2019-05-11 17:06:00,3.5,6.0,-0.36584962143678723,-3.4808266337889564
2019-05-11 17:12:00,3.4,13.0,-0.7648335847691409,-3.3128582202697996
2019-05-11 17:18:00,0.9,325.0,0.5162187927159413,-0.7372368398600928
2019-05-11 17:24:00,0.2,27.0,-0.09079809994790933,-0.1782013048376736
2019-05-11 17:30:00,1.9,164.0,-0.523710976052298,1.8263972222828058
2019-05-11 17:36:00,1.2,101.0,-1.1779526201371966,0.22897079445185411
2019-05-11 17:42:00,1.4,35.0,-0.8030070108914645,-1.1468128620045885
2019-05-11 17:48:00,1.9,22.0,-0.7117525274902328,-1.761649323676896
2019-05-11 17:54:00,1.2,356.0,0.08370776849294985,-1.1970768603117892
2019-05-11 18:00:00,0.8,28.0,-0.3755772502287127,-0.7063580742871416
2019-05-11 18:06:00,1.3,345.0,0.3364647586332771,-1.255703574175789
2019-05-11 18:12:00,1.9,6.0,-0.19860408020854164,-1.8895916011997191
2019-05-11 18:18:00,1.3,8.0,-0.18092503124808518,-1.2873484893640414
2019-05-11 18:24:00,1.5,45.0,-1.0606601717798212,-1.0606601717798214
2019-05-11 18:30:00,1.4,41.0,-0.9184826405867098,-1.056593412311881
2019-05-11 18:36:00,2.4,44.0,-1.6671800891015933,-1.7264155208127625
2019-05-11 18:42:00,2.0,38.0,-1.2313229506513164,-1.576021507213444
2019-05-11 18:48:00,1.9,54.0,-1.5371322893124,-1.116791979355699
2019-05-11 18:54:00,2.1,50.0,-1.6086933305498536,-1.3498539803417329
2019-05-11 19:00:00,0.9,32.0,-0.47692733780988433,-0.7632432865407834
2019-05-11 19:06:00,2.8,14.0,-0.677381307679069,-2.71682803357279
2019-05-11 19:12:00,1.8,301.0,1.5429011412638025,-0.9270685348380973
2019-05-11 19:18:00,1.7,322.0,1.0466245080536192,-1.3396182811314274
2019-05-11 19:24:00,0.7,275.0,0.6973362886642218,-0.06100901992336043
2019-05-11 19:30:00,1.2,353.0,0.14624321208617683,-1.1910553819695864
2019-05-11 19:36:00,1.6,1.0,-0.02792385029965382,-1.599756312250226
2019-05-11 19:42:00,1.9,358.0,0.06630904373475179,-1.8988425713362818
2019-05-11 19:48:00,2.3,16.0,-0.6339659183790977,-2.210901900658133
2019-05-11 19:54:00,2.4,28.0,-1.126731750686138,-2.1190742228614243
2019-05-11 20:00:00,4.0,24.0,-1.6269465723032008,-3.6541818305704035
2019-05-11 20:06:00,3.3,22.0,-1.2362017582725096,-3.0597067200703982
2019-05-11 20:12:00,4.0,21.0,-1.4334717981812017,-3.734321705988807
2019-05-11 20:18:00,4.6,27.0,-2.0883562988019144,-4.098630011266492
2019-05-11 20:24:00,3.2,36.0,-1.8809128073359138,-2.588854381999832
2019-05-11 20:30:00,3.4,38.0,-2.093249016107238,-2.679236562262855
2019-05-11 20:36:00,3.1,43.0,-2.1141949161937448,-2.267196475019429
2019-05-11 20:42:00,4.6,41.0,-3.0178715333563324,-3.4716640690247513
2019-05-11 20:48:00,4.2,38.0,-2.5857781963677646,-3.3096451651482326
2019-05-11 20:54:00,3.5,38.0,-2.1548151636398036,-2.758037637623527
2019-05-11 21:00:00,4.7,45.0,-3.323401871576773,-3.3234018715767744
2019-05-11 21:06:00,2.9,29.0,-1.4059478987143772,-2.5363971507042478
2019-05-11 21:12:00,2.5,20.0,-0.8550503583141716,-2.3492315519647713
2019-05-11 21:18:00,2.5,11.0,-0.4770224884413618,-2.45406795861916
2019-05-11 21:24:00,2.3,0.0,2.816687638038912e-16,-2.3
2019-05-11 21:30:00,1.5,355.0,0.13073361412148765,-1.4942920471376184
2019-05-11 21:36:00,1.4,8.0,-0.19484234134409173,-1.3863752962381983
2019-05-11 21:42:00,1.8,42.0,-1.204435091445945,-1.3376606858593096
2019-05-11 21:48:00,2.1,39.0,-1.3215728212046591,-1.6320065190596387
2019-05-11 21:54:00,2.7,46.0,-1.9422174609143583,-1.8755776002392928
2019-05-11 22:00:00,2.9,36.0,-1.7045772316481718,-2.3461492836873474
2019-05-11 22:06:00,2.2,34.0,-1.230224387635643,-1.823882659621092
2019-05-11 22:12:00,3.4,41.0,-2.230600698567724,-2.5660125727574252
2019-05-11 22:18:00,3.3,25.0,-1.3946402637443076,-2.990815697220945
2019-05-11 22:24:00,2.3,11.0,-0.4388606893660528,-2.257742521929627
2019-05-11 22:30:00,2.7,23.0,-1.0549740469210387,-2.485363104321589
2019-05-11 22:36:00,2.7,40.0,-1.7355265461536562,-2.068319996421241
2019-05-11 22:42:00,2.9,37.0,-1.7452635671409402,-2.316042979137149
2019-05-11 22:48:00,4.5,50.0,-3.4471999940354006,-2.8925442435894277
2019-05-11 22:54:00,4.3,49.0,-3.2452511949579197,-2.821053824659181
2019-05-11 23:00:00,3.6,54.0,-2.9124611797498106,-2.1160269082529037
2019-05-11 23:06:00,3.8,55.0,-3.1127777682981677,-2.1795904581339762
2019-05-11 23:12:00,4.2,59.0,-3.600102662948871,-2.1631599146222285
2019-05-11 23:18:00,4.5,67.0,-4.142271840535981,-1.7582900782017323
2019-05-11 23:24:00,4.7,52.0,-3.703650541951594,-2.893608934030593
2019-05-11 23:30:00,4.3,48.0,-3.195522749552796,-2.87726160734309
2019-05-11 23:36:00,4.9,57.0,-4.109485782932579,-2.668731271573632
2019-05-11 23:42:00,3.8,56.0,-3.150342775709159,-2.124933033188837
2019-05-11 23:48:00,4.1,67.0,-3.7740698991550046,-1.6019976268060225
2019-05-11 23:54:00,4.6,76.0,-4.463360340869583,-1.1128407197584718
2019-05-12 00:00:00,4.4,72.0,-4.1846486716986755,-1.3596747752497693
2019-05-12 00:06:00,3.1,88.0,-3.098111563759197,-0.10818843977775236
2019-05-12 00:12:00,2.8,101.0,-2.748556113653459,0.5342651870543262
2019-05-12 00:18:00,2.7,94.0,-2.693422935701526,0.1883424791091381
2019-05-12 00:24:00,2.4,91.0,-2.399634468375339,0.04188577544947951
2019-05-12 00:30:00,2.6,97.0,-2.5806199942674373,0.31686029285338396
2019-05-12 00:36:00,3.2,97.0,-3.1761476852522303,0.3899818988964726
2019-05-12 00:42:00,3.4,103.0,-3.3128582202697996,0.7648335847691408
2019-05-12 00:48:00,3.8,97.0,-3.7716753762370234,0.4631035049395612
2019-05-12 00:54:00,3.8,92.0,-3.7976851426725635,0.13261808746950488
2019-05-12 01:00:00,3.7,87.0,-3.6949292785919234,-0.19364303809889394
2019-05-12 01:06:00,3.6,90.0,-3.6,-6.613092715395707e-16
2019-05-12 01:12:00,4.2,85.0,-4.184017731985332,-0.36605411954016465
2019-05-12 01:18:00,3.6,90.0,-3.6,-6.613092715395707e-16
2019-05-12 01:24:00,3.8,92.0,-3.7976851426725635,0.13261808746950488
2019-05-12 01:30:00,3.7,86.0,-3.6909869859613496,-0.2580989528532647
2019-05-12 01:36:00,4.3,74.0,-4.133425292534771,-1.185240630013095
2019-05-12 01:42:00,4.4,78.0,-4.303849443228745,-0.9148114395981432
2019-05-12 01:48:00,4.7,79.0,-4.613647762204021,-0.8968022782697597
2019-05-12 01:54:00,4.3,85.0,-4.283637201794505,-0.37476969381493047
2019-05-12 02:00:00,3.9,90.0,-3.9,-7.164183775012015e-16
2019-05-12 02:06:00,4.0,81.0,-3.9507533623805506,-0.6257378601609241
2019-05-12 02:12:00,3.1,87.0,-3.0957515577391788,-0.16224146435312736
2019-05-12 02:18:00,3.0,96.0,-2.98356568610482,0.31358538980295897
2019-05-12 02:24:00,3.1,96.0,-3.0830178756416475,0.32403823612972427
2019-05-12 02:30:00,2.9,97.0,-2.8783838397598336,0.35342109587492826
2019-05-12 02:36:00,3.2,103.0,-3.117984207312753,0.7198433739003678
2019-05-12 02:42:00,2.5,90.0,-2.5,-4.592425496802574e-16
2019-05-12 02:48:00,3.1,95.0,-3.088203564084411,0.27018280251773946
2019-05-12 02:54:00,3.1,93.0,-3.0957515577391788,0.16224146435312622
2019-05-12 03:00:00,3.5,108.0,-3.3286978070330377,1.0815594803123152
2019-05-12 03:06:00,3.9,101.0,-3.828346015445889,0.7441550819685259
2019-05-12 03:12:00,3.7,101.0,-3.6320205787563564,0.705993282893217
2019-05-12 03:18:00,2.6,100.0,-2.5605001578317412,0.45148526193401795
2019-05-12 03:24:00,2.5,92.0,-2.4984770675477392,0.0872487417562532
2019-05-12 03:30:00,2.4,97.0,-2.3821107639391728,0.29248642417235443
2019-05-12 03:36:00,1.8,91.0,-1.7997258512815044,0.031414331587109635
2019-05-12 03:42:00,2.0,105.0,-1.9318516525781368,0.5176380902050406
2019-05-12 03:48:00,1.5,98.0,-1.4854021031123557,0.2087596514400982
2019-05-12 03:54:00,1.4,93.0,-1.3980813486564032,0.07327033874012152
2019-05-12 04:00:00,1.2,100.0,-1.1817693036146497,0.20837781320031595
2019-05-12 04:06:00,0.9,94.0,-0.8978076452338419,0.0627808263697127
2019-05-12 04:12:00,1.3,76.0,-1.2613844441587954,-0.3144984642795681
2019-05-12 04:18:00,1.5,43.0,-1.0229975400937477,-1.0970305524287558
2019-05-12 04:24:00,1.4,5.0,-0.12201803984672112,-1.3946725773284436
2019-05-12 04:30:00,1.1,1.0,-0.019197647081012,-1.0998324646720306
2019-05-12 04:36:00,1.0,29.0,-0.48480962024633695,-0.8746197071393959
2019-05-12 04:42:00,0.9,38.0,-0.5540953277930923,-0.7092096782460499
2019-05-12 04:48:00,1.4,39.0,-0.8810485474697726,-1.088004346039759
2019-05-12 04:54:00,1.1,44.0,-0.7641242075048971,-0.7912737803725163
2019-05-12 05:00:00,1.2,46.0,-0.8632077604063814,-0.8335900445507967
2019-05-12 05:06:00,0.8,39.0,-0.5034563128398701,-0.6217167691655767
2019-05-12 05:12:00,1.2,11.0,-0.22897079445185364,-1.1779526201371968
2019-05-12 05:18:00,1.2,339.0,0.430041539454361,-1.1202965117966417
2019-05-12 05:24:00,1.4,350.0,0.24310744873370269,-1.378730854217091
2019-05-12 05:30:00,1.3,357.0,0.06803674311582784,-1.298218395180946
2019-05-12 05:36:00,1.6,6.0,-0.16724554122824561,-1.5912350325892373
2019-05-12 05:42:00,1.6,13.0,-0.359921686950184,-1.5589921036563765
2019-05-12 05:48:00,1.2,1.0,-0.020942887724740362,-1.1998172341876694
2019-05-12 05:54:00,1.0,359.0,0.017452406437282793,-0.9998476951563913
2019-05-12 06:00:00,1.1,6.0,-0.11498130959441885,-1.0939740849051007
2019-05-12 06:06:00,1.0,10.0,-0.17364817766693047,-0.984807753012208
2019-05-12 06:12:00,1.4,40.0,-0.8999026535611548,-1.0724622203665692
2019-05-12 06:18:00,0.9,14.0,-0.21772970603970077,-0.8732661536483969
2019-05-12 06:24:00,1.3,27.0,-0.5901876496614107,-1.1583084814448783
2019-05-12 06:30:00,2.0,30.0,-1.0000000000000002,-1.7320508075688772
2019-05-12 06:36:00,2.2,9.0,-0.3441558230885076,-2.1729143493093033
2019-05-12 06:42:00,2.6,3.0,-0.13607348623165327,-2.596436790361892
2019-05-12 06:48:00,2.7,355.0,0.2353205054186778,-2.6897256848477133
2019-05-12 06:54:00,1.7,360.0,6.245698675651501e-16,-1.7
2019-05-12 07:00:00,2.7,354.0,0.28222685082266696,-2.685209117494338
2019-05-12 07:06:00,3.2,355.0,0.278898376792507,-3.187823033893586
2019-05-12 07:12:00,2.8,359.0,0.04886673802439182,-2.7995735464378955
2019-05-12 07:18:00,3.1,355.0,0.2701828025177412,-3.088203564084411
2019-05-12 07:24:00,2.6,344.0,0.7166571251241998,-2.4992804094396286
2019-05-12 07:30:00,2.6,338.0,0.9739771428813703,-2.4106780218736477
2019-05-12 07:36:00,2.5,339.0,0.8959198738632522,-2.333951066243004
2019-05-12 07:42:00,2.5,346.0,0.6048047389991678,-2.4257393156899916
2019-05-12 07:48:00,2.6,341.0,0.8464772015886056,-2.4583482965582246
2019-05-12 07:54:00,2.8,353.0,0.34123416153441255,-2.7791292245957018
2019-05-12 08:00:00,2.9,344.0,0.7993483318692997,-2.787658918221124
2019-05-12 08:06:00,2.9,349.0,0.5533460865919824,-2.8467188319982246
2019-05-12 08:12:00,3.0,347.0,0.6748531630315964,-2.923110194355705
2019-05-12 08:18:00,2.8,331.0,1.3574669366897456,-2.448935179990307
2019-05-12 08:24:00,3.0,342.0,0.9270509831248434,-2.85316954888546
2019-05-12 08:30:00,2.6,351.0,0.4067296091045989,-2.5679896855473583
2019-05-12 08:36:00,3.5,343.0,1.0233009665295774,-3.3470666458706244
2019-05-12 08:42:00,3.5,359.0,0.061083422530489775,-3.4994669330473696
2019-05-12 08:48:00,4.0,359.0,0.06980962574913117,-3.999390780625565
2019-05-12 08:54:00,3.6,10.0,-0.6251334396009497,-3.545307910843949
2019-05-12 09:00:00,3.8,6.0,-0.3972081604170833,-3.7791832023994383
2019-05-12 09:06:00,4.3,5.0,-0.37476969381492914,-4.283637201794505
2019-05-12 09:12:00,3.6,6.0,-0.3763024677635526,-3.580278823325784
2019-05-12 09:18:00,3.5,347.0,0.787328690203529,-3.410295226748323
2019-05-12 09:24:00,3.5,346.0,0.8467266345988349,-3.396035041965988
2019-05-12 09:30:00,3.2,346.0,0.7741500659189349,-3.104946324083189
2019-05-12 09:36:00,3.3,345.0,0.8541028488383186,-3.187555226753925
2019-05-12 09:42:00,3.2,351.0,0.5005902881287371,-3.160602689904441
2019-05-12 09:48:00,3.5,354.0,0.3658496214367905,-3.4808266337889564
2019-05-12 09:54:00,3.8,348.0,0.7900644251074846,-3.7169608827884613
2019-05-12 10:00:00,3.4,351.0,0.5318771811367832,-3.3581403580234683
2019-05-12 10:06:00,3.4,352.0,0.4731885432642244,-3.366911433721339
2019-05-12 10:12:00,3.4,357.0,0.17794225122601126,-3.395340418165551
2019-05-12 10:18:00,3.6,2.0,-0.12563818812900324,-3.597806977268745
2019-05-12 10:24:00,4.4,1.0,-0.076790588324048,-4.399329858688122
2019-05-12 10:30:00,3.4,346.0,0.8225344450388682,-3.2990054693383883
2019-05-12 10:36:00,2.7,343.0,0.7894036027513883,-2.582022841100196
2019-05-12 10:42:00,3.4,345.0,0.8799847533485706,-3.2841478093828322
2019-05-12 10:48:00,3.1,354.0,0.32403823612972876,-3.083017875641647
2019-05-12 10:54:00,3.5,354.0,0.3658496214367905,-3.4808266337889564
2019-05-12 11:00:00,4.1,358.0,0.14308793648025384,-4.097502390778292
2019-05-12 11:06:00,3.9,357.0,0.20411022934748352,-3.8946551855428377
2019-05-12 11:12:00,4.0,3.0,-0.20934382497177426,-3.9945181390182953
2019-05-12 11:18:00,3.8,7.0,-0.46310350493955976,-3.771675376237024
2019-05-12 11:24:00,2.9,351.0,0.453659948616668,-2.8642961877258997
2019-05-12 11:30:00,3.4,357.0,0.17794225122601126,-3.395340418165551
2019-05-12 11:36:00,3.1,1.0,-0.054102459955579274,-3.099527854984813
2019-05-12 11:42:00,2.8,357.0,0.14654067748024457,-2.7961626973128064
2019-05-12 11:48:00,3.1,360.0,1.1389215232070384e-15,-3.1
2019-05-12 11:54:00,2.1,344.0,0.5788384472156998,-2.018649561470469
2019-05-12 12:00:00,2.5,346.0,0.6048047389991678,-2.4257393156899916
2019-05-12 12:06:00,3.0,338.0,1.123819780247735,-2.7815515637003627
2019-05-12 12:12:00,1.9,339.0,0.6808991041360717,-1.7738028103446828
2019-05-12 12:18:00,3.0,351.0,0.469303395120691,-2.9630650217854133
2019-05-12 12:24:00,2.6,345.0,0.6729295172665541,-2.511407148351578
2019-05-12 12:30:00,3.1,345.0,0.8023390398178145,-2.9943700614961117
2019-05-12 12:36:00,2.9,348.0,0.6029439033715014,-2.8366280421280363
2019-05-12 12:42:00,3.9,353.0,0.47529043928007464,-3.870929991401156
2019-05-12 12:48:00,3.8,358.0,0.13261808746950357,-3.7976851426725635
2019-05-12 12:54:00,4.3,358.0,0.15006783582075403,-4.2973805561821115
2019-05-12 13:00:00,3.0,349.0,0.5724269861296369,-2.9448815503429913
2019-05-12 13:06:00,4.1,360.0,1.5063155629512442e-15,-4.1
2019-05-12 13:12:00,3.4,4.0,-0.23717201073002592,-3.3917177708834023
2019-05-12 13:18:00,4.1,356.0,0.28600154235091196,-4.0900126060652795
2019-05-12 13:24:00,4.1,359.0,0.07155486639285945,-4.099375550141204
2019-05-12 13:30:00,3.6,353.0,0.43872963625853045,-3.57316614590876
2019-05-12 13:36:00,4.3,5.0,-0.37476969381492914,-4.283637201794505
2019-05-12 13:42:00,4.0,11.0,-0.7632359815061789,-3.926508733790656
2019-05-12 13:48:00,4.5,17.0,-1.3156726712523155,-4.303371401833659
2019-05-12 13:54:00,4.7,6.0,-0.49128377735797146,-4.674252908230884
2019-05-12 14:00:00,3.8,10.0,-0.6598630751343357,-3.7422694614463903
2019-05-12 14:06:00,4.0,0.0,4.898587196589413e-16,-4.0
2019-05-12 14:12:00,3.5,358.0,0.12214823845875329,-3.497867894566835
2019-05-12 14:18:00,4.0,354.0,0.4181138530706177,-3.978087581473093
2019-05-12 14:24:00,4.4,358.0,0.15355778549100416,-4.397319638884022
2019-05-12 14:30:00,4.2,352.0,0.5845270240322772,-4.159125888714596
2019-05-12 14:36:00,3.8,349.0,0.7250741824308734,-3.730183297101122
2019-05-12 14:42:00,4.4,355.0,0.3834852680896972,-4.3832566716036805
2019-05-12 14:48:00,4.7,352.0,0.6541135745123102,-4.65425992308538
2019-05-12 14:54:00,5.1,9.0,-0.7978157717051767,-5.037210537035202
2019-05-12 15:00:00,4.7,1.0,-0.08202631025523309,-4.699284167235039
2019-05-12 15:06:00,5.9,359.0,0.1029691979799685,-5.899101401422709
2019-05-12 15:12:00,5.2,12.0,-1.0811407922523495,-5.086367523815789
2019-05-12 15:18:00,5.2,5.0,-0.45320986228782134,-5.180212430077077
2019-05-12 15:24:00,6.5,17.0,-1.900416080697789,-6.21598091375973
2019-05-12 15:30:00,4.0,4.0,-0.2790258949765011,-3.990256201039297
2019-05-12 15:36:00,3.5,9.0,-0.5475206276408076,-3.456909192082982
2019-05-12 15:42:00,3.0,17.0,-0.8771151141682103,-2.868914267889106
2019-05-12 15:48:00,3.1,26.0,-1.3589505550461403,-2.7862615435274174
2019-05-12 15:54:00,5.1,37.0,-3.0692566180754466,-4.073041101241193
2019-05-12 16:00:00,5.1,11.0,-0.973125876420378,-5.006298635583086
2019-05-12 16:06:00,4.7,9.0,-0.7352419856890845,-4.6421352007971475
2019-05-12 16:12:00,4.0,28.0,-1.8778862511435634,-3.5317903714357075
2019-05-12 16:18:00,4.6,30.0,-2.3000000000000003,-3.9837168574084174
2019-05-12 16:24:00,5.2,26.0,-2.2795299633032027,-4.673729040755668
2019-05-12 16:30:00,3.4,17.0,-0.994063796057305,-3.2514361702743204
2019-05-12 16:36:00,4.3,19.0,-1.399943064165774,-4.065729875077062
2019-05-12 16:42:00,4.4,11.0,-0.8395595796567968,-4.319159607169722
2019-05-12 16:48:00,5.1,16.0,-1.4057505146666949,-4.902434649285426
2019-05-12 16:54:00,3.9,17.0,-1.1402496484186733,-3.729588548255838
2019-05-12 17:00:00,3.9,25.0,-1.6482112207887272,-3.534600369442935
2019-05-12 17:06:00,4.3,15.0,-1.1129218939408394,-4.153481053042993
2019-05-12 17:12:00,4.2,31.0,-2.1631599146222276,-3.600102662948872
2019-05-12 17:18:00,4.3,36.0,-2.527476584857634,-3.4787730758122737
2019-05-12 17:24:00,3.2,28.0,-1.5023090009148508,-2.8254322971485664
2019-05-12 17:30:00,4.1,42.0,-2.7434354860713186,-3.0468937844573163
2019-05-12 17:36:00,3.9,43.0,-2.6597936042437436,-2.852279436314765
2019-05-12 17:42:00,3.3,16.0,-0.9096032741960967,-3.172163596596452
2019-05-12 17:48:00,3.0,40.0,-1.9283628290596178,-2.298133329356934
2019-05-12 17:54:00,4.1,44.0,-2.8480993188818884,-2.949293181388469
2019-05-12 18:00:00,2.9,27.0,-1.3165724492446853,-2.583918920146267
2019-05-12 18:06:00,3.6,32.0,-1.9077093512395373,-3.0529731461631338
2019-05-12 18:12:00,3.1,26.0,-1.3589505550461403,-2.7862615435274174
2019-05-12 18:18:00,3.8,46.0,-2.7334912412868744,-2.6397018077441894
2019-05-12 18:24:00,4.3,46.0,-3.0931611414562,-2.987030992973688
2019-05-12 18:30:00,3.7,49.0,-2.7924254468242564,-2.4274184072648772
2019-05-12 18:36:00,3.8,51.0,-2.953154653536488,-2.3914174859893835
2019-05-12 18:42:00,3.7,53.0,-2.9549513871749835,-2.226715585662579
2019-05-12 18:48:00,3.8,43.0,-2.5915937682374937,-2.779144066152848
2019-05-12 18:54:00,3.7,54.0,-2.9933628791873055,-2.174805433482151
2019-05-12 19:00:00,3.5,52.0,-2.7580376376235276,-2.154815163639803
2019-05-12 19:06:00,3.6,63.0,-3.207623487078124,-1.634365799062369
2019-05-12 19:12:00,3.1,57.0,-2.599878760630815,-1.6883810085465836
2019-05-12 19:18:00,3.1,62.0,-2.7371375378626737,-1.4553618446362613
2019-05-12 19:24:00,3.3,45.0,-2.3334523779156067,-2.333452377915607
2019-05-12 19:30:00,3.8,46.0,-2.7334912412868744,-2.6397018077441894
2019-05-12 19:36:00,3.9,52.0,-3.0732419390662162,-2.4010797537700665
2019-05-12 19:42:00,4.0,48.0,-2.9725793019095774,-2.6765224254354325
2019-05-12 19:48:00,4.6,48.0,-3.4184661971960137,-3.0780007892507473
2019-05-12 19:54:00,4.8,47.0,-3.510497767772018,-3.273592128299993
2019-05-12 20:00:00,4.4,52.0,-3.4672473158695776,-2.7089104914328956
2019-05-12 20:06:00,4.7,46.0,-3.3808970615916607,-3.2648943411572873
2019-05-12 20:12:00,4.5,51.0,-3.4971568265563677,-2.83194175972427
2019-05-12 20:18:00,4.7,56.0,-3.896476591008697,-2.628206646312509
2019-05-12 20:24:00,4.4,57.0,-3.690150498959867,-2.396411754066119
2019-05-12 20:30:00,4.0,50.0,-3.0641777724759116,-2.571150438746158
2019-05-12 20:36:00,4.1,53.0,-3.2744055911939003,-2.4674415949233977
2019-05-12 20:42:00,5.1,47.0,-3.729903878257769,-3.4781916363187424
2019-05-12 20:48:00,5.0,49.0,-3.77354790111386,-3.2802951449525364
2019-05-12 20:54:00,5.0,53.0,-3.993177550236464,-3.0090751157602416
2019-05-12 21:00:00,5.3,55.0,-4.341505834731655,-3.0399551126605457
2019-05-12 21:06:00,5.1,44.0,-3.5427576893408856,-3.66863298172712
2019-05-12 21:12:00,4.9,52.0,-3.861252692672939,-3.0167412290957247
2019-05-12 21:18:00,4.6,58.0,-3.901021242319559,-2.4376286154727427
2019-05-12 21:24:00,4.7,55.0,-3.8500146081582605,-2.6958092508499183
2019-05-12 21:30:00,4.2,52.0,-3.309645165148233,-2.585778196367764
2019-05-12 21:36:00,4.3,55.0,-3.5223537904426636,-2.4663786763094993
2019-05-12 21:42:00,4.8,56.0,-3.9793803482642005,-2.6841259366595835
2019-05-12 21:48:00,5.3,57.0,-4.444954010110748,-2.886586885579643
2019-05-12 21:54:00,5.2,40.0,-3.342495570370004,-3.9834311042186856
2019-05-12 22:00:00,5.5,50.0,-4.213244437154378,-3.535331853275967
2019-05-12 22:06:00,5.5,45.0,-3.889087296526011,-3.889087296526012
2019-05-12 22:12:00,5.5,46.0,-3.9563689018625814,-3.820621037524485
2019-05-12 22:18:00,5.8,48.0,-4.310239987768887,-3.880957516881377
2019-05-12 22:24:00,4.8,48.0,-3.567095162291493,-3.211826910522519
2019-05-12 22:30:00,5.4,55.0,-4.423421039160555,-3.0973127562956506
2019-05-12 22:36:00,5.2,55.0,-4.259590630302756,-2.9825974690254413
2019-05-12 22:42:00,5.8,53.0,-4.632085958274298,-3.49052713428188
2019-05-12 22:48:00,5.2,52.0,-4.097655918754955,-3.201439671693422
2019-05-12 22:54:00,5.4,59.0,-4.628703423791405,-2.7812056045142937
2019-05-12 23:00:00,4.8,51.0,-3.7303006149934586,-3.0207378770392217
2019-05-12 23:06:00,4.8,53.0,-3.8334504482270053,-2.8887121111298315
2019-05-12 23:12:00,4.4,59.0,-3.7715361230892936,-2.2661675296042394
2019-05-12 23:18:00,4.4,65.0,-3.987754262961261,-1.8595203516590764
2019-05-12 23:24:00,4.0,64.0,-3.5951761851966673,-1.753484587156311
2019-05-12 23:30:00,4.1,61.0,-3.5859407992715226,-1.987719443009981
2019-05-12 23:36:00,4.0,57.0,-3.3546822717816966,-2.178556140060108
2019-05-12 23:42:00,3.4,53.0,-2.7153607341607957,-2.0461710787169642
2019-05-12 23:48:00,3.5,68.0,-3.2451434909837555,-1.311123076955693
2019-05-12 23:54:00,3.6,65.0,-3.2627080333319407,-1.521425742266517
2019-05-13 00:00:00,3.5,72.0,-3.3286978070330373,-1.0815594803123165
2019-05-13 00:06:00,3.1,59.0,-2.6572186321765474,-1.5966180322211687
2019-05-13 00:12:00,3.7,52.0,-2.915639788344872,-2.277947458704935
2019-05-13 00:18:00,3.5,58.0,-2.9681683365474907,-1.8547174248162175
2019-05-13 00:24:00,3.5,60.0,-3.0310889132455348,-1.7500000000000016
2019-05-13 00:30:00,3.4,57.0,-2.851479931014442,-1.8517727190510918
2019-05-13 00:36:00,3.6,59.0,-3.0858022825276037,-1.8541370696761958
2019-05-13 00:42:00,3.4,51.0,-2.6422962689536997,-2.139689329569449
2019-05-13 00:48:00,3.3,60.0,-2.8578838324886466,-1.6500000000000015
2019-05-13 00:54:00,3.4,52.0,-2.6792365622628553,-2.0932490161072375
2019-05-13 01:00:00,2.9,46.0,-2.0860854209820885,-2.014509274331092
2019-05-13 01:06:00,2.0,29.0,-0.9696192404926739,-1.7492394142787917
2019-05-13 01:12:00,2.2,43.0,-1.5003963921374965,-1.6089781435621753
2019-05-13 01:18:00,2.6,47.0,-1.9015196242098433,-1.7731957361624964
2019-05-13 01:24:00,2.8,47.0,-2.047790364533677,-1.909595408174996
2019-05-13 01:30:00,2.3,34.0,-1.2861436779827173,-1.9067864168765958
2019-05-13 01:36:00,1.8,41.0,-1.1809062521829128,-1.3584772444009898
2019-05-13 01:42:00,1.8,44.0,-1.250385066826195,-1.294811640609572
2019-05-13 01:48:00,2.1,32.0,-1.11283045488973,-1.7809010019284948
2019-05-13 01:54:00,2.0,37.0,-1.2036300463040968,-1.5972710200945857
2019-05-13 02:00:00,2.1,43.0,-1.4321965561312466,-1.5358427734002582
2019-05-13 02:06:00,3.2,60.0,-2.7712812921102032,-1.6000000000000014
2019-05-13 02:12:00,3.3,54.0,-2.6697560814373262,-1.9396913325651617
2019-05-13 02:18:00,3.4,56.0,-2.8187277466871423,-1.9012558718005383
2019-05-13 02:24:00,3.7,60.0,-3.2042939940024224,-1.8500000000000016
2019-05-13 02:30:00,3.5,60.0,-3.0310889132455348,-1.7500000000000016
2019-05-13 02:36:00,3.8,55.0,-3.1127777682981677,-2.1795904581339762
2019-05-13 02:42:00,3.3,57.0,-2.7676128742198998,-1.7973088155495889
2019-05-13 02:48:00,3.9,57.0,-3.270815214987154,-2.1240922365586052
2019-05-13 02:54:00,3.9,53.0,-3.114678489184442,-2.347078590292988
2019-05-13 03:00:00,4.1,58.0,-3.476997194241346,-2.1726689833561403
2019-05-13 03:06:00,3.9,52.0,-3.0732419390662162,-2.4010797537700665
2019-05-13 03:12:00,3.9,52.0,-3.0732419390662162,-2.4010797537700665
2019-05-13 03:18:00,4.4,53.0,-3.5139962442080885,-2.6479861018690127
2019-05-13 03:24:00,4.6,53.0,-3.673723346217547,-2.768349106499422
2019-05-13 03:30:00,4.0,52.0,-3.1520430144268885,-2.4626459013026323
2019-05-13 03:36:00,4.0,53.0,-3.1945420401891713,-2.407260092608193
2019-05-13 03:42:00,3.7,51.0,-2.8754400573907914,-2.3284854468844003
2019-05-13 03:48:00,4.0,54.0,-3.2360679774997894,-2.351141009169893
2019-05-13 03:54:00,3.6,50.0,-2.7577599952283207,-2.314035394871542
2019-05-13 04:00:00,3.7,52.0,-2.915639788344872,-2.277947458704935
2019-05-13 04:06:00,4.4,50.0,-3.370595549723503,-2.828265482620774
2019-05-13 04:12:00,3.9,49.0,-2.943367362868811,-2.5586302130629783
2019-05-13 04:18:00,4.2,56.0,-3.481957804731176,-2.3486101945771356
2019-05-13 04:24:00,4.2,56.0,-3.481957804731176,-2.3486101945771356
2019-05-13 04:30:00,4.1,52.0,-3.2308440897875603,-2.524212048835198
2019-05-13 04:36:00,4.4,61.0,-3.848326711413342,-2.1331623290838824
2019-05-13 04:42:00,4.0,52.0,-3.1520430144268885,-2.4626459013026323
2019-05-13 04:48:00,3.9,43.0,-2.6597936042437436,-2.852279436314765
2019-05-13 04:54:00,4.8,51.0,-3.7303006149934586,-3.0207378770392217
2019-05-13 05:00:00,4.1,46.0,-2.9492931813884695,-2.8480993188818884
2019-05-13 05:06:00,3.6,40.0,-2.3140353948715413,-2.7577599952283207
2019-05-13 05:12:00,3.6,42.0,-2.40887018289189,-2.6753213717186193
2019-05-13 05:18:00,4.9,59.0,-4.20011977344035,-2.5236865670592667
2019-05-13 05:24:00,4.5,47.0,-3.291091657286267,-3.068992620281244
2019-05-13 05:30:00,4.6,44.0,-3.195428504111387,-3.3089630815577946
2019-05-13 05:36:00,5.0,44.0,-3.4732918522949863,-3.5966990016932554
2019-05-13 05:42:00,4.1,36.0,-2.409919534399139,-3.3169696769372843
2019-05-13 05:48:00,5.1,43.0,-3.4781916363187415,-3.72990387825777
2019-05-13 05:54:00,3.4,38.0,-2.093249016107238,-2.679236562262855
2019-05-13 06:00:00,3.9,43.0,-2.6597936042437436,-2.852279436314765
2019-05-13 06:06:00,5.0,44.0,-3.4732918522949863,-3.5966990016932554
2019-05-13 06:12:00,4.1,41.0,-2.6898420188610785,-3.0943092789133653
2019-05-13 06:18:00,3.8,34.0,-2.1249330331888374,-3.1503427757091584
2019-05-13 06:24:00,4.6,47.0,-3.364227027448184,-3.1371924562874933
2019-05-13 06:30:00,4.1,40.0,-2.6354291997148107,-3.1407822167878097
2019-05-13 06:36:00,3.7,37.0,-2.2267155856625793,-2.9549513871749835
2019-05-13 06:42:00,4.1,35.0,-2.351663389039289,-3.3585233815848663
2019-05-13 06:48:00,4.3,37.0,-2.5878045995538077,-3.434132693203359
2019-05-13 06:54:00,5.1,49.0,-3.849018859136137,-3.3459010478515867
2019-05-13 07:00:00,5.6,48.0,-4.161611022673408,-3.747131395609605
2019-05-13 07:06:00,5.8,47.0,-4.241851469391189,-3.9555904883624917
2019-05-13 07:12:00,5.7,52.0,-4.491661295558316,-3.509270409356251
2019-05-13 07:18:00,5.8,53.0,-4.632085958274298,-3.49052713428188
2019-05-13 07:24:00,6.3,49.0,-4.754670355403464,-4.1331718826401955
2019-05-13 07:30:00,6.0,49.0,-4.528257481336632,-3.9363541739430437
2019-05-13 07:36:00,6.2,51.0,-4.818304961033218,-3.9017864245089946
2019-05-13 07:42:00,6.4,54.0,-5.1777087639996635,-3.761825614671829
2019-05-13 07:48:00,6.9,58.0,-5.851531863479339,-3.6564429232091147
2019-05-13 07:54:00,6.7,56.0,-5.55455173611878,-3.746592453254002
2019-05-13 08:00:00,6.4,52.0,-5.043268823083022,-3.940233442084212
2019-05-13 08:06:00,6.9,59.0,-5.914454374844574,-3.5537627168793753
2019-05-13 08:12:00,6.7,54.0,-5.420413862312147,-3.938161190359571
2019-05-13 08:18:00,6.4,53.0,-5.111267264302675,-3.8516161481731093
2019-05-13 08:24:00,6.3,55.0,-5.160657879020647,-3.6135315490115922
2019-05-13 08:30:00,5.7,51.0,-4.429731980304733,-3.5871262289840757
2019-05-13 08:36:00,6.2,57.0,-5.19975752126163,-3.376762017093167
2019-05-13 08:42:00,6.1,60.0,-5.2827549630850745,-3.0500000000000025
2019-05-13 08:48:00,5.8,56.0,-4.808417920819243,-3.24331884013033
2019-05-13 08:54:00,6.3,67.0,-5.7991805767503735,-2.461606109482425
2019-05-13 09:00:00,5.7,61.0,-4.985332330694557,-2.76341483540412
2019-05-13 09:06:00,6.2,66.0,-5.663981837384126,-2.5217671870699605
2019-05-13 09:12:00,6.1,59.0,-5.228720534282884,-3.1417322569513315
2019-05-13 09:18:00,5.8,66.0,-5.2985636543270855,-2.3590725298396404
2019-05-13 09:24:00,5.6,71.0,-5.294904023356174,-1.8231816649600772
2019-05-13 09:30:00,5.8,70.0,-5.450217200558269,-1.9837168312888775
2019-05-13 09:36:00,5.9,73.0,-5.642198060181909,-1.724993057864149
2019-05-13 09:42:00,5.7,72.0,-5.421022142882375,-1.7613968679372012
2019-05-13 09:48:00,6.1,75.0,-5.892147540363316,-1.5787961751253758
2019-05-13 09:54:00,6.1,68.0,-5.655821512857402,-2.285100219837065
2019-05-13 10:00:00,5.8,72.0,-5.51612779451189,-1.7922985673746958
2019-05-13 10:06:00,6.3,78.0,-6.162329884622975,-1.3098436521518866
2019-05-13 10:12:00,6.3,69.0,-5.88155668693237,-2.2577180821353946
2019-05-13 10:18:00,6.5,67.0,-5.983281547440861,-2.53975233518028
2019-05-13 10:24:00,6.5,70.0,-6.108002035108405,-2.2231309316168457
2019-05-13 10:30:00,6.2,72.0,-5.896550401029952,-1.915905365124675
2019-05-13 10:36:00,5.8,66.0,-5.2985636543270855,-2.3590725298396404
2019-05-13 10:42:00,6.1,70.0,-5.732124986794041,-2.086322874286578
2019-05-13 10:48:00,5.4,71.0,-5.1058003082363115,-1.758068034068646
2019-05-13 10:54:00,5.6,70.0,-5.2622786764010865,-1.9153128026237438
2019-05-13 11:00:00,5.8,58.0,-4.918678957707271,-3.073531732552589
2019-05-13 11:06:00,5.7,60.0,-4.936344801571299,-2.8500000000000028
2019-05-13 11:12:00,6.1,63.0,-5.435139797549043,-2.769342048411236
2019-05-13 11:18:00,5.7,64.0,-5.123126063905251,-2.4987155366977434
2019-05-13 11:24:00,5.4,70.0,-5.074340152243906,-1.8469087739586103
2019-05-13 11:30:00,5.5,65.0,-4.984692828701576,-2.3244004395738456
2019-05-13 11:36:00,5.7,65.0,-5.165954386108906,-2.4089240919219854
2019-05-13 11:42:00,5.7,59.0,-4.885853614002039,-2.93571702698731
2019-05-13 11:48:00,6.5,60.0,-5.62916512459885,-3.2500000000000027
2019-05-13 11:54:00,7.2,58.0,-6.105946292326267,-3.815418702479076
2019-05-13 12:00:00,6.9,56.0,-5.720359250629789,-3.8584310339481513
2019-05-13 12:06:00,6.5,54.0,-5.258610463437158,-3.820604139901076
2019-05-13 12:12:00,6.3,55.0,-5.160657879020647,-3.6135315490115922
2019-05-13 12:18:00,7.1,57.0,-5.954561032412511,-3.8669371486066915
2019-05-13 12:24:00,6.1,60.0,-5.2827549630850745,-3.0500000000000025
2019-05-13 12:30:00,5.6,70.0,-5.2622786764010865,-1.9153128026237438
2019-05-13 12:36:00,5.3,63.0,-4.722334578198349,-2.4061496486195986
2019-05-13 12:42:00,4.8,73.0,-4.59026282862257,-1.403384182669138
2019-05-13 12:48:00,4.7,78.0,-4.597293723448886,-0.977184946843471
2019-05-13 12:54:00,4.9,82.0,-4.8523135368336945,-0.6819481947043226
2019-05-13 13:00:00,4.1,90.0,-4.1,-7.531577814756221e-16
2019-05-13 13:06:00,4.3,83.0,-4.267948452057685,-0.5240381766421328
2019-05-13 13:12:00,4.6,83.0,-4.565712297550081,-0.5605989796636769
2019-05-13 13:18:00,4.5,80.0,-4.431634888554936,-0.7814167995011865
2019-05-13 13:24:00,3.9,73.0,-3.7295885482558377,-1.1402496484186746
2019-05-13 13:30:00,4.7,73.0,-4.494632353026266,-1.3741470121968644
2019-05-13 13:36:00,5.5,67.0,-5.062776693988422,-2.149021206691006
2019-05-13 13:42:00,4.9,77.0,-4.774413317447652,-1.1022601662849398
2019-05-13 13:48:00,5.6,64.0,-5.033246659275334,-2.4548784220188353
2019-05-13 13:54:00,5.8,70.0,-5.450217200558269,-1.9837168312888775
2019-05-13 14:00:00,5.4,70.0,-5.074340152243906,-1.8469087739586103
2019-05-13 14:06:00,4.8,72.0,-4.565071278216736,-1.4832815729997482
2019-05-13 14:12:00,4.5,68.0,-4.172327345550543,-1.6857296703716054
2019-05-13 14:18:00,4.8,76.0,-4.657419486124783,-1.1612250988784054
2019-05-13 14:24:00,4.3,63.0,-3.8313280540099814,-1.9521591488800516
2019-05-13 14:30:00,4.3,69.0,-4.014395833937967,-1.540982183044793
2019-05-13 14:36:00,3.7,73.0,-3.538327597063231,-1.0817753074741274
2019-05-13 14:42:00,4.1,77.0,-3.994917265619464,-0.9222993228098475
2019-05-13 14:48:00,3.7,87.0,-3.6949292785919234,-0.19364303809889394
2019-05-13 14:54:00,3.6,81.0,-3.5556780261424956,-0.5631640741448317
2019-05-13 15:00:00,3.6,93.0,-3.595066325116466,0.1884094424745982
2019-05-13 15:06:00,4.4,99.0,-4.3458286986186065,0.688311646177015
2019-05-13 15:12:00,3.7,96.0,-3.6797310128626117,0.38675531409031605
2019-05-13 15:18:00,4.3,86.0,-4.289525416117244,-0.29995283709973997
2019-05-13 15:24:00,4.1,91.0,-4.099375550141204,0.07155486639286082
2019-05-13 15:30:00,4.5,93.0,-4.493832906395582,0.23551180309324776
2019-05-13 15:36:00,3.9,93.0,-3.8946551855428377,0.20411022934748138
2019-05-13 15:42:00,4.8,83.0,-4.7642215278783455,-0.5849728483447064
2019-05-13 15:48:00,4.8,85.0,-4.781734550840379,-0.4183475651887596
2019-05-13 15:54:00,5.4,79.0,-5.300786790617386,-1.030368575033341
2019-05-13 16:00:00,5.1,82.0,-5.050367150582008,-0.7097828148963357
2019-05-13 16:06:00,4.8,86.0,-4.788307441247156,-0.3348310739718028
2019-05-13 16:12:00,4.9,84.0,-4.87315728730454,-0.5121894700115015
2019-05-13 16:18:00,4.1,93.0,-4.0943810924937525,0.21457742059607016
2019-05-13 16:24:00,4.1,83.0,-4.069439221729421,-0.49966430796110334
2019-05-13 16:30:00,4.1,86.0,-4.090012606065279,-0.28600154235091485
2019-05-13 16:36:00,4.6,84.0,-4.574800718694057,-0.48083093103120544
2019-05-13 16:42:00,3.9,92.0,-3.8976242253744733,0.136108037139755
2019-05-13 16:48:00,4.0,77.0,-3.8974802591409405,-0.899804217375461
2019-05-13 16:54:00,4.0,78.0,-3.9125904029352223,-0.8316467632710391
2019-05-13 17:00:00,4.6,81.0,-4.543366366737633,-0.7195985391850627
2019-05-13 17:06:00,3.7,95.0,-3.6859203829394587,0.3224762481663342
2019-05-13 17:12:00,3.7,94.0,-3.69098698596135,0.25809895285326334
2019-05-13 17:18:00,4.9,101.0,-4.8099731988935535,0.9349640773450711
2019-05-13 17:24:00,4.3,98.0,-4.258152695588753,0.5984443341282815
2019-05-13 17:30:00,3.5,93.0,-3.4952033716410082,0.1831758468503038
2019-05-13 17:36:00,4.2,103.0,-4.092354272097988,0.9447944282442327
2019-05-13 17:42:00,4.4,106.0,-4.229551462128603,1.2128043655947973
2019-05-13 17:48:00,4.5,110.0,-4.228616793536587,1.5390906449655104
2019-05-13 17:54:00,4.2,101.0,-4.122834170480188,0.8013977805814895
2019-05-13 18:00:00,4.6,109.0,-4.349385447756858,1.497613510502919
2019-05-13 18:06:00,4.5,108.0,-4.279754323328191,1.3905764746872626
2019-05-13 18:12:00,5.2,109.0,-4.916696593116448,1.6929544031772128
2019-05-13 18:18:00,4.4,100.0,-4.333154113253716,0.764051981734492
2019-05-13 18:24:00,4.8,103.0,-4.676976310969129,1.0797650608505516
2019-05-13 18:30:00,4.4,108.0,-4.184648671698676,1.359674775249768
2019-05-13 18:36:00,4.0,97.0,-3.970184606565288,0.48747737362059074
2019-05-13 18:42:00,4.8,98.0,-4.753286729959537,0.6680308846083142
2019-05-13 18:48:00,4.2,89.0,-4.199360319656844,-0.07330010703659069
2019-05-13 18:54:00,4.2,89.0,-4.199360319656844,-0.07330010703659069
2019-05-13 19:00:00,3.9,102.0,-3.8147756428618416,0.8108555941892618
2019-05-13 19:06:00,3.7,102.0,-3.619146122715081,0.76927325602571
2019-05-13 19:12:00,4.2,109.0,-3.9711780175171314,1.3673862487200565
2019-05-13 19:18:00,3.9,112.0,-3.616017032810471,1.4609657143220567
2019-05-13 19:24:00,4.3,110.0,-4.040678269379406,1.4706866163003767
2019-05-13 19:30:00,4.2,111.0,-3.9210377912882475,1.5051453880902617
2019-05-13 19:36:00,4.7,119.0,-4.11071262355516,2.278605215157785
2019-05-13 19:42:00,4.3,126.0,-3.4787730758122746,2.5274765848576335
2019-05-13 19:48:00,4.1,122.0,-3.4769971942413465,2.172668983356139
2019-05-13 19:54:00,3.9,128.0,-3.073241939066215,2.4010797537700683
2019-05-13 20:00:00,3.9,131.0,-2.9433673628688117,2.5586302130629774
2019-05-13 20:06:00,4.0,128.0,-3.152043014426887,2.462645901302634
2019-05-13 20:12:00,4.2,143.0,-2.5276230972386027,3.35426914219863
2019-05-13 20:18:00,4.1,145.0,-2.3516633890392904,3.358523381584865
2019-05-13 20:24:00,4.2,141.0,-2.643145642409319,3.2640130381192765
2019-05-13 20:30:00,5.0,142.0,-3.078307376628291,3.94005376803361
2019-05-13 20:36:00,4.6,139.0,-3.0178715333563337,3.4716640690247504
2019-05-13 20:42:00,4.3,141.0,-2.7060776815143024,3.341727634264973
2019-05-13 20:48:00,4.5,143.0,-2.7081676041842173,3.5938597952128175
2019-05-13 20:54:00,4.6,146.0,-2.5722873559654342,3.813572833753192
2019-05-13 21:00:00,4.3,148.0,-2.2786528362027814,3.646606813472631
2019-05-13 21:06:00,4.5,148.0,-2.3846366890494224,3.816216432703916
2019-05-13 21:12:00,4.3,148.0,-2.2786528362027814,3.646606813472631
2019-05-13 21:18:00,4.6,152.0,-2.1595691888150976,4.061558927151064
2019-05-13 21:24:00,5.0,165.0,-1.2940952255126035,4.8296291314453415
2019-05-13 21:30:00,4.7,158.0,-1.7606509890547881,4.3577641164639
2019-05-13 21:36:00,4.6,164.0,-1.267931836758195,4.421803801316266
2019-05-13 21:42:00,4.2,149.0,-2.163159914622229,3.600102662948871
2019-05-13 21:48:00,4.5,151.0,-2.181643291108516,3.9357886821272814
2019-05-13 21:54:00,4.5,158.0,-1.6857296703716056,4.172327345550543
2019-05-13 22:00:00,4.7,160.0,-1.6074946736306426,4.41655531769377
2019-05-13 22:06:00,4.4,166.0,-1.0644563406385388,4.269301195614385
2019-05-13 22:12:00,4.1,159.0,-1.469308593135733,3.827679748638526
2019-05-13 22:18:00,4.2,151.0,-2.036200405034615,3.673402769985463
2019-05-13 22:24:00,4.5,158.0,-1.6857296703716056,4.172327345550543
2019-05-13 22:30:00,3.7,165.0,-0.9576304668793266,3.5739255572695527
2019-05-13 22:36:00,4.0,156.0,-1.6269465723032006,3.654181830570404
2019-05-13 22:42:00,4.3,161.0,-1.3999430641657737,4.0657298750770625
2019-05-13 22:48:00,4.6,159.0,-1.6484925679083835,4.294469961887127
2019-05-13 22:54:00,4.6,165.0,-1.190567607471595,4.443258800929714
2019-05-13 23:00:00,4.2,171.0,-0.6570247531689706,4.148291030499578
2019-05-13 23:06:00,4.1,160.0,-1.4022825876352412,3.852739745222224
2019-05-13 23:12:00,4.1,154.0,-1.7973217018352188,3.6850555898265838
2019-05-13 23:18:00,4.5,157.0,-1.7582900782017326,4.142271840535981
