Date Time, Speed, Direction, Bin 
2019-05-07 23:25,53.7,140,30
2019-05-07 23:31,22.4,131,30
2019-05-07 23:37,40.8,120,30
2019-05-07 23:43,51.5,132,30
2019-05-07 23:49,41.8,126,30
2019-05-07 23:55,45.8,129,30
2019-05-08 00:01,44.4,128,30
2019-05-08 00:07,40.6,127,30
2019-05-08 00:13,43.8,128,30
2019-05-08 00:19,48.2,133,30
2019-05-08 00:25,43.2,128,30
2019-05-08 00:31,48.1,127,30
2019-05-08 00:37,47.1,128,30
2019-05-08 00:43,44.6,123,30
2019-05-08 00:49,52.0,131,30
2019-05-08 00:55,49.1,133,30
2019-05-08 01:01,45.4,131,30
2019-05-08 01:07,49.4,130,30
2019-05-08 01:13,46.4,130,30
2019-05-08 01:19,40.0,127,30
2019-05-08 01:25,49.8,133,30
2019-05-08 01:31,43.6,125,30
2019-05-08 01:37,38.2,124,30
2019-05-08 01:49,35.5,127,30
2019-05-08 01:55,29.4,120,30
2019-05-08 02:01,44.7,135,30
2019-05-08 02:07,40.2,134,30
2019-05-08 02:13,37.8,132,30
2019-05-08 02:19,40.3,131,30
2019-05-08 02:25,39.4,128,30
2019-05-08 02:31,53.1,139,30
2019-05-08 02:37,40.4,134,30
2019-05-08 02:43,49.8,130,30
2019-05-08 02:49,44.1,128,30
2019-05-08 02:55,46.2,127,30
2019-05-08 03:01,49.6,131,30
2019-05-08 03:07,51.6,131,30
2019-05-08 03:13,51.0,130,30
2019-05-08 03:19,47.2,128,30
2019-05-08 03:25,43.7,126,30
2019-05-08 03:31,68.4,128,30
2019-05-08 03:37,61.1,131,30
2019-05-08 03:43,51.8,128,30
2019-05-08 03:49,51.3,128,30
2019-05-08 03:55,48.1,124,30
2019-05-08 04:01,45.6,124,30
2019-05-08 04:07,49.6,129,30
2019-05-08 04:13,43.4,128,30
2019-05-08 04:19,45.6,129,30
2019-05-08 04:25,46.3,129,30
2019-05-08 04:31,47.4,135,30
2019-05-08 04:37,50.3,130,30
2019-05-08 04:43,56.5,131,30
2019-05-08 04:49,53.3,130,30
2019-05-08 04:55,53.4,133,30
2019-05-08 05:01,48.5,127,30
2019-05-08 05:07,51.4,127,30
2019-05-08 05:13,52.8,128,30
2019-05-08 05:19,57.1,131,30
2019-05-08 05:25,62.6,130,30
2019-05-08 05:31,61.8,130,30
2019-05-08 05:37,62.2,128,30
2019-05-08 05:43,64.6,127,30
2019-05-08 05:49,60.5,122,30
2019-05-08 05:55,73.4,126,30
2019-05-08 06:01,67.6,122,30
2019-05-08 06:07,73.9,128,30
2019-05-08 06:13,77.1,126,30
2019-05-08 06:19,84.9,129,30
2019-05-08 06:25,89.3,134,30
2019-05-08 06:31,83.5,134,30
2019-05-08 06:37,75.9,127,30
2019-05-08 06:43,71.1,125,30
2019-05-08 06:49,70.9,126,30
2019-05-08 06:55,76.6,126,30
2019-05-08 07:01,71.2,126,30
2019-05-08 07:07,70.0,126,30
2019-05-08 07:13,74.6,128,30
2019-05-08 07:19,70.5,127,30
2019-05-08 07:25,69.3,129,30
2019-05-08 07:31,64.6,126,30
2019-05-08 07:37,56.0,122,30
2019-05-08 07:43,58.2,122,30
2019-05-08 07:49,58.3,127,30
2019-05-08 07:55,61.2,126,30
2019-05-08 08:01,71.9,133,30
2019-05-08 08:07,60.5,136,30
2019-05-08 08:13,59.0,137,30
2019-05-08 08:19,60.4,133,30
2019-05-08 08:25,51.2,133,30
2019-05-08 08:31,55.2,133,30
2019-05-08 08:37,50.7,134,30
2019-05-08 08:43,50.0,135,30
2019-05-08 08:49,56.3,134,30
2019-05-08 08:55,58.0,135,30
2019-05-08 09:01,67.1,137,30
2019-05-08 09:07,65.2,136,30
2019-05-08 09:13,60.9,134,30
2019-05-08 09:19,62.6,133,30
2019-05-08 09:25,66.8,132,30
2019-05-08 09:31,71.0,135,30
2019-05-08 09:37,70.0,134,30
2019-05-08 09:43,73.9,133,30
2019-05-08 09:49,69.5,132,30
2019-05-08 09:55,72.0,131,30
2019-05-08 10:01,72.4,131,30
2019-05-08 10:07,68.9,131,30
2019-05-08 10:13,71.7,134,30
2019-05-08 10:19,67.7,134,30
2019-05-08 10:25,63.7,135,30
2019-05-08 10:31,73.8,140,30
2019-05-08 10:37,73.7,144,30
2019-05-08 10:43,67.8,145,30
2019-05-08 10:49,61.4,147,30
2019-05-08 10:55,56.0,143,30
2019-05-08 11:01,43.6,131,30
2019-05-08 11:07,57.0,123,30
2019-05-08 11:13,45.1,124,30
2019-05-08 11:19,36.5,132,30
2019-05-08 11:25,28.6,135,30
2019-05-08 11:31,25.4,131,30
2019-05-08 11:37,39.0,133,30
2019-05-08 11:43,36.3,133,30
2019-05-08 11:49,39.0,134,30
2019-05-08 11:55,33.8,130,30
2019-05-08 12:01,32.9,130,30
2019-05-08 12:07,26.1,132,30
2019-05-08 12:13,46.0,137,30
2019-05-08 12:25,21.5,118,30
2019-05-08 12:31,16.9,107,30
2019-05-08 12:37,15.0,123,30
2019-05-08 12:49,13.5,100,30
2019-05-08 12:55,9.5,98,30
2019-05-08 13:01,3.7,98,30
2019-05-08 13:07,6.6,103,30
2019-05-08 13:13,6.9,101,30
2019-05-08 13:19,7.9,133,30
2019-05-08 13:25,4.3,93,30
2019-05-08 13:31,6.0,130,30
2019-05-08 13:37,1.9,113,30
2019-05-08 13:43,2.8,36,30
2019-05-08 13:49,7.5,317,30
2019-05-08 13:55,9.1,290,30
2019-05-08 14:01,7.6,263,30
2019-05-08 14:07,6.2,307,30
2019-05-08 14:13,9.4,301,30
2019-05-08 14:19,7.2,308,30
2019-05-08 14:25,2.9,242,30
2019-05-08 14:31,3.1,221,30
2019-05-08 14:37,10.0,289,30
2019-05-08 14:43,9.9,304,30
2019-05-08 14:49,11.0,303,30
2019-05-08 14:55,12.4,303,30
2019-05-08 15:01,8.8,300,30
2019-05-08 15:07,5.1,291,30
2019-05-08 15:13,12.9,94,30
2019-05-08 15:19,4.9,33,30
2019-05-08 15:25,8.1,346,30
2019-05-08 15:31,2.8,113,30
2019-05-08 15:43,1.5,62,30
2019-05-08 15:49,17.2,94,30
2019-05-08 15:55,17.9,133,30
2019-05-08 16:01,9.7,166,30
2019-05-08 16:07,6.2,173,30
2019-05-08 16:13,8.0,155,30
2019-05-08 16:19,15.3,152,30
2019-05-08 16:25,15.2,149,30
2019-05-08 16:31,9.8,147,30
2019-05-08 16:37,6.9,154,30
2019-05-08 16:43,2.5,212,30
2019-05-08 16:49,10.4,117,30
2019-05-08 16:55,21.9,122,30
2019-05-08 17:01,22.0,132,30
2019-05-08 17:07,18.5,144,30
2019-05-08 17:13,21.8,139,30
2019-05-08 17:19,25.8,142,30
2019-05-08 17:25,22.5,141,30
2019-05-08 17:31,30.4,134,30
2019-05-08 17:37,25.3,131,30
2019-05-08 17:43,20.8,130,30
2019-05-08 17:49,27.7,124,30
2019-05-08 17:55,34.7,136,30
2019-05-08 18:01,40.5,117,30
2019-05-08 18:07,17.6,123,30
2019-05-08 18:13,19.7,118,30
2019-05-08 18:19,23.9,120,30
2019-05-08 18:25,20.3,113,30
2019-05-08 18:31,23.7,117,30
2019-05-08 18:37,20.3,119,30
2019-05-08 18:43,23.3,124,30
2019-05-08 18:49,29.2,130,30
2019-05-08 18:55,23.4,127,30
2019-05-08 19:01,34.0,134,30
2019-05-08 19:07,35.3,127,30
2019-05-08 19:13,18.8,124,30
2019-05-08 19:19,27.7,121,30
2019-05-08 19:25,23.3,120,30
2019-05-08 19:31,25.3,121,30
2019-05-08 19:37,25.8,121,30
2019-05-08 19:43,27.4,120,30
2019-05-08 19:49,26.4,122,30
2019-05-08 19:55,29.5,124,30
2019-05-08 20:01,31.6,127,30
2019-05-08 20:07,40.4,137,30
2019-05-08 20:13,33.8,125,30
2019-05-08 20:19,34.2,131,30
2019-05-08 20:25,35.3,128,30
2019-05-08 20:31,36.0,130,30
2019-05-08 20:37,42.9,129,30
2019-05-08 20:43,41.7,128,30
2019-05-08 20:49,41.7,129,30
2019-05-08 20:55,36.6,130,30
2019-05-08 21:07,45.0,131,30
2019-05-08 21:13,38.4,132,30
2019-05-08 21:19,39.0,132,30
2019-05-08 21:25,44.3,132,30
2019-05-08 21:31,31.4,134,30
2019-05-08 21:37,26.5,133,30
2019-05-08 21:43,36.7,138,30
2019-05-08 21:49,44.3,144,30
2019-05-08 21:55,32.8,133,30
2019-05-08 22:01,36.1,135,30
2019-05-08 22:07,26.9,129,30
2019-05-08 22:13,33.7,130,30
2019-05-08 22:19,40.9,132,30
2019-05-08 22:25,38.7,131,30
2019-05-08 22:31,43.3,132,30
2019-05-08 22:37,35.5,132,30
2019-05-08 22:43,56.0,142,30
2019-05-08 22:49,23.7,110,30
2019-05-08 22:55,36.5,139,30
2019-05-08 23:01,41.7,137,30
2019-05-08 23:07,43.1,135,30
2019-05-08 23:13,37.5,141,30
2019-05-08 23:19,41.4,131,30
2019-05-08 23:25,37.1,128,30
2019-05-08 23:31,40.0,134,30
2019-05-08 23:37,39.5,134,30
2019-05-08 23:43,43.0,136,30
2019-05-08 23:49,38.1,137,30
2019-05-08 23:55,44.2,140,30
2019-05-09 00:01,43.3,136,30
2019-05-09 00:07,47.2,135,30
2019-05-09 00:13,39.2,132,30
2019-05-09 00:19,41.2,134,30
2019-05-09 00:25,47.3,136,30
2019-05-09 00:31,43.1,133,30
2019-05-09 00:37,48.6,134,30
2019-05-09 00:43,42.4,138,30
2019-05-09 00:49,38.6,131,30
2019-05-09 01:01,38.0,129,30
2019-05-09 01:13,34.9,126,30
2019-05-09 01:19,42.6,129,30
2019-05-09 01:25,36.7,133,30
2019-05-09 01:31,39.3,135,30
2019-05-09 01:37,39.1,133,30
2019-05-09 01:43,46.1,130,30
2019-05-09 01:49,47.0,134,30
2019-05-09 01:55,48.3,132,30
2019-05-09 02:01,48.1,131,30
2019-05-09 02:07,36.1,125,30
2019-05-09 02:19,49.0,129,30
2019-05-09 02:25,53.8,135,30
2019-05-09 02:31,42.7,133,30
2019-05-09 02:43,43.6,132,30
2019-05-09 02:49,45.5,134,30
2019-05-09 02:55,45.4,130,30
2019-05-09 03:01,42.9,131,30
2019-05-09 03:07,43.2,133,30
2019-05-09 03:13,49.1,131,30
2019-05-09 03:19,51.1,134,30
2019-05-09 03:25,49.6,133,30
2019-05-09 03:31,47.4,132,30
2019-05-09 03:37,45.0,131,30
2019-05-09 03:43,52.9,132,30
2019-05-09 03:49,46.4,131,30
2019-05-09 03:55,45.2,133,30
2019-05-09 04:01,46.7,132,30
2019-05-09 04:07,53.0,132,30
2019-05-09 04:13,50.0,134,30
2019-05-09 04:19,48.4,136,30
2019-05-09 04:25,46.3,139,30
2019-05-09 04:31,52.4,137,30
2019-05-09 04:37,47.1,135,30
2019-05-09 04:43,48.5,134,30
2019-05-09 04:49,49.8,133,30
2019-05-09 04:55,50.7,133,30
2019-05-09 05:01,55.1,133,30
2019-05-09 05:07,51.3,135,30
2019-05-09 05:19,47.0,134,30
2019-05-09 05:25,44.2,136,30
2019-05-09 05:31,45.8,135,30
2019-05-09 05:37,58.1,136,30
2019-05-09 05:49,49.5,135,30
2019-05-09 05:55,43.2,132,30
2019-05-09 06:07,48.9,130,30
2019-05-09 06:13,45.7,133,30
2019-05-09 06:19,53.1,131,30
2019-05-09 06:25,51.8,133,30
2019-05-09 06:31,58.3,134,30
2019-05-09 06:37,63.5,137,30
2019-05-09 06:43,60.0,137,30
2019-05-09 06:49,64.6,136,30
2019-05-09 06:55,63.8,137,30
2019-05-09 07:01,65.1,140,30
2019-05-09 07:07,60.0,142,30
2019-05-09 07:13,72.5,143,30
2019-05-09 07:19,76.5,146,30
2019-05-09 07:25,68.0,147,30
2019-05-09 07:31,60.9,146,30
2019-05-09 07:37,47.4,136,30
2019-05-09 07:43,65.4,135,30
2019-05-09 07:49,60.0,138,30
2019-05-09 07:55,51.0,143,30
2019-05-09 08:01,63.0,132,30
2019-05-09 08:07,63.0,135,30
2019-05-09 08:13,58.8,136,30
2019-05-09 08:19,64.0,135,30
2019-05-09 08:25,89.9,138,30
2019-05-09 08:31,58.7,140,30
2019-05-09 08:37,70.0,143,30
2019-05-09 08:43,50.6,140,30
2019-05-09 08:49,48.5,134,30
2019-05-09 08:55,65.9,132,30
2019-05-09 09:01,56.7,138,30
2019-05-09 09:07,57.1,132,30
2019-05-09 09:13,57.5,134,30
2019-05-09 09:19,60.5,135,30
2019-05-09 09:25,56.4,133,30
2019-05-09 09:31,55.2,134,30
2019-05-09 09:37,58.1,132,30
2019-05-09 09:43,53.5,134,30
2019-05-09 09:49,56.7,133,30
2019-05-09 10:01,52.4,133,30
2019-05-09 10:07,46.1,133,30
2019-05-09 10:13,50.1,134,30
2019-05-09 10:19,53.3,134,30
2019-05-09 10:25,51.2,134,30
2019-05-09 10:31,48.1,135,30
2019-05-09 10:37,49.4,132,30
2019-05-09 10:43,47.5,134,30
2019-05-09 10:49,50.8,134,30
2019-05-09 10:55,52.1,136,30
2019-05-09 11:01,48.0,133,30
2019-05-09 11:07,43.6,139,30
2019-05-09 11:13,42.6,132,30
2019-05-09 11:19,39.7,138,30
2019-05-09 11:25,39.4,136,30
2019-05-09 11:31,36.4,137,30
2019-05-09 11:37,44.4,138,30
2019-05-09 11:43,38.8,134,30
2019-05-09 11:49,45.1,135,30
2019-05-09 11:55,28.9,140,30
2019-05-09 12:01,31.6,133,30
2019-05-09 12:07,42.8,136,30
2019-05-09 12:13,58.3,145,30
2019-05-09 12:19,76.5,128,30
2019-05-09 12:25,42.7,137,30
2019-05-09 12:43,27.9,134,30
2019-05-09 12:49,27.2,138,30
2019-05-09 12:55,23.0,134,30
2019-05-09 13:01,21.7,136,30
2019-05-09 13:07,16.3,136,30
2019-05-09 13:13,8.9,133,30
2019-05-09 13:19,16.5,142,30
2019-05-09 13:25,12.3,117,30
2019-05-09 13:31,4.0,27,30
2019-05-09 13:37,1.5,43,30
2019-05-09 13:43,4.5,144,30
2019-05-09 14:01,18.7,64,30
2019-05-09 14:07,11.1,297,30
2019-05-09 14:13,13.8,287,30
2019-05-09 14:19,14.5,293,30
2019-05-09 14:25,6.5,314,30
2019-05-09 14:31,23.2,338,30
2019-05-09 14:37,5.7,332,30
2019-05-09 14:43,20.4,304,30
2019-05-09 14:49,24.1,307,30
2019-05-09 14:55,23.8,308,30
2019-05-09 15:01,35.9,309,30
2019-05-09 15:07,8.7,351,30
2019-05-09 15:13,27.2,313,30
2019-05-09 15:19,33.0,312,30
2019-05-09 15:31,29.0,312,30
2019-05-09 15:37,28.6,313,30
2019-05-09 15:43,30.3,315,30
2019-05-09 15:49,27.3,312,30
2019-05-09 15:55,25.5,316,30
2019-05-09 16:01,23.8,315,30
2019-05-09 16:19,28.5,316,30
2019-05-09 16:25,25.0,317,30
2019-05-09 16:31,24.2,314,30
2019-05-09 16:37,25.4,313,30
2019-05-09 16:43,21.1,310,30
2019-05-09 16:55,15.6,322,30
2019-05-09 17:01,25.3,327,30
2019-05-09 17:07,33.2,320,30
2019-05-09 17:13,12.2,313,30
2019-05-09 17:19,8.0,315,30
2019-05-09 17:25,7.9,312,30
2019-05-09 17:31,8.4,314,30
2019-05-09 17:37,11.0,318,30
2019-05-09 17:43,10.5,319,30
2019-05-09 17:49,7.8,308,30
2019-05-09 17:55,0.5,62,30
2019-05-09 18:01,10.8,314,30
2019-05-09 18:07,13.5,311,30
2019-05-09 18:13,3.8,325,30
2019-05-09 18:19,5.9,124,30
2019-05-09 18:25,1.1,125,30
2019-05-09 18:31,4.2,316,30
2019-05-09 18:37,7.8,112,30
2019-05-09 18:43,7.8,122,30
2019-05-09 18:49,6.8,99,30
2019-05-09 18:55,9.5,124,30
2019-05-09 19:01,15.9,127,30
2019-05-09 19:13,9.1,110,30
2019-05-09 19:19,16.2,134,30
2019-05-09 19:25,16.0,122,30
2019-05-09 19:31,12.3,124,30
2019-05-09 19:43,7.3,122,30
2019-05-09 20:07,2.3,128,30
2019-05-09 20:13,12.1,122,30
2019-05-09 20:19,12.5,124,30
2019-05-09 20:25,12.6,124,30
2019-05-09 20:31,12.3,125,30
2019-05-09 20:43,11.4,121,30
2019-05-09 20:55,11.4,119,30
2019-05-09 21:01,11.5,116,30
2019-05-09 21:07,15.6,116,30
2019-05-09 21:13,27.7,117,30
2019-05-09 21:19,12.4,125,30
2019-05-09 21:25,15.8,124,30
2019-05-09 21:31,15.8,126,30
2019-05-09 21:37,18.9,128,30
2019-05-09 21:49,26.3,132,30
2019-05-09 21:55,28.3,132,30
2019-05-09 22:01,21.2,129,30
2019-05-09 22:07,18.2,142,30
2019-05-09 22:13,15.5,135,30
2019-05-09 22:19,17.4,136,30
2019-05-09 22:25,25.3,135,30
2019-05-09 22:31,27.7,134,30
2019-05-09 22:37,25.3,136,30
2019-05-09 22:43,20.6,133,30
2019-05-09 22:55,41.4,137,30
2019-05-09 23:01,25.5,140,30
2019-05-09 23:07,39.4,129,30
2019-05-09 23:19,34.1,135,30
2019-05-09 23:25,24.6,142,30
2019-05-09 23:31,24.2,143,30
2019-05-09 23:37,25.4,138,30
2019-05-09 23:43,16.3,132,30
2019-05-09 23:49,12.7,131,30
2019-05-09 23:55,17.9,126,30
2019-05-10 00:07,9.4,105,30
2019-05-10 00:19,12.9,111,30
2019-05-10 00:25,16.2,107,30
2019-05-10 00:31,16.5,111,30
2019-05-10 00:37,13.7,108,30
2019-05-10 00:43,15.4,119,30
2019-05-10 00:49,15.3,119,30
2019-05-10 00:55,12.9,106,30
2019-05-10 01:01,18.7,126,30
2019-05-10 01:07,19.4,122,30
2019-05-10 01:13,15.0,110,30
2019-05-10 01:19,9.8,112,30
2019-05-10 01:25,5.9,104,30
2019-05-10 01:31,5.7,98,30
2019-05-10 01:37,6.9,108,30
2019-05-10 01:43,0.7,34,30
2019-05-10 01:49,9.9,77,30
2019-05-10 01:55,3.9,338,30
2019-05-10 02:01,4.6,172,30
2019-05-10 02:07,9.6,61,30
2019-05-10 02:13,2.9,357,30
2019-05-10 02:19,3.1,144,30
2019-05-10 02:25,9.7,120,30
2019-05-10 02:31,5.3,47,30
2019-05-10 02:37,7.5,85,30
2019-05-10 02:43,4.0,30,30
2019-05-10 02:49,1.1,50,30
2019-05-10 02:55,28.2,112,30
2019-05-10 03:01,6.1,94,30
2019-05-10 03:07,4.1,62,30
2019-05-10 03:13,11.2,95,30
2019-05-10 03:19,29.5,125,30
2019-05-10 03:25,10.6,118,30
2019-05-10 03:31,10.8,128,30
2019-05-10 03:37,31.6,124,30
2019-05-10 03:43,43.3,121,30
2019-05-10 03:49,68.4,120,30
2019-05-10 03:55,72.9,118,30
2019-05-10 04:01,92.5,121,30
2019-05-10 04:07,95.4,123,30
2019-05-10 04:13,96.1,127,30
2019-05-10 04:19,100.5,126,30
2019-05-10 04:25,106.0,122,30
2019-05-10 04:31,125.1,126,30
2019-05-10 04:37,120.5,129,30
2019-05-10 04:43,127.4,130,30
2019-05-10 04:49,135.4,131,30
2019-05-10 04:55,133.0,131,30
2019-05-10 05:01,139.2,129,30
2019-05-10 05:07,145.5,128,30
2019-05-10 05:13,147.0,129,30
2019-05-10 05:19,157.2,130,30
2019-05-10 05:25,156.3,134,30
2019-05-10 05:31,142.4,130,30
2019-05-10 05:37,145.8,134,30
2019-05-10 05:43,122.4,138,30
2019-05-10 05:49,134.2,131,30
2019-05-10 05:55,110.2,132,30
2019-05-10 06:01,99.7,135,30
2019-05-10 06:07,84.8,133,30
2019-05-10 06:13,86.6,133,30
2019-05-10 06:19,85.7,134,30
2019-05-10 06:25,94.8,133,30
2019-05-10 06:31,102.2,133,30
2019-05-10 06:37,116.8,134,30
2019-05-10 06:43,106.3,134,30
2019-05-10 06:49,119.3,131,30
2019-05-10 06:55,128.0,137,30
2019-05-10 07:01,85.4,131,30
2019-05-10 07:07,142.4,130,30
2019-05-10 07:13,131.4,132,30
2019-05-10 07:19,139.4,134,30
2019-05-10 07:25,127.3,133,30
2019-05-10 07:31,136.7,133,30
2019-05-10 07:37,134.6,136,30
2019-05-10 07:43,129.6,134,30
2019-05-10 07:49,135.7,138,30
2019-05-10 07:55,114.0,138,30
2019-05-10 08:01,122.7,133,30
2019-05-10 08:07,115.0,132,30
2019-05-10 08:13,118.6,136,30
2019-05-10 08:19,112.7,128,30
2019-05-10 08:25,117.4,132,30
2019-05-10 08:31,124.0,133,30
2019-05-10 08:37,111.4,141,30
2019-05-10 08:43,106.5,127,30
2019-05-10 08:49,117.9,133,30
2019-05-10 08:55,116.7,134,30
2019-05-10 09:01,119.3,132,30
2019-05-10 09:07,132.0,133,30
2019-05-10 09:13,126.6,136,30
2019-05-10 09:19,103.0,130,30
2019-05-10 09:25,112.7,130,30
2019-05-10 09:31,115.0,133,30
2019-05-10 09:37,98.7,130,30
2019-05-10 09:43,89.4,131,30
2019-05-10 09:49,88.1,131,30
2019-05-10 09:55,85.1,133,30
2019-05-10 10:01,79.9,134,30
2019-05-10 10:07,66.5,131,30
2019-05-10 10:13,68.9,131,30
2019-05-10 10:19,68.6,130,30
2019-05-10 10:25,63.5,130,30
2019-05-10 10:31,64.9,129,30
2019-05-10 10:37,60.8,130,30
2019-05-10 10:43,60.8,130,30
2019-05-10 10:49,59.3,127,30
2019-05-10 10:55,57.8,125,30
2019-05-10 11:01,64.5,130,30
2019-05-10 11:07,65.8,130,30
2019-05-10 11:13,64.2,129,30
2019-05-10 11:19,66.9,128,30
2019-05-10 11:25,78.0,128,30
2019-05-10 11:31,84.1,130,30
2019-05-10 11:37,89.0,133,30
2019-05-10 11:43,83.4,131,30
2019-05-10 11:49,85.9,132,30
2019-05-10 11:55,82.3,131,30
2019-05-10 12:01,103.4,141,30
2019-05-10 12:07,62.3,141,30
2019-05-10 12:13,92.5,126,30
2019-05-10 12:19,98.6,132,30
2019-05-10 12:25,96.9,132,30
2019-05-10 12:31,107.6,132,30
2019-05-10 12:37,97.2,132,30
2019-05-10 12:43,106.8,135,30
2019-05-10 12:49,112.6,136,30
2019-05-10 12:55,108.9,135,30
2019-05-10 13:01,119.2,136,30
2019-05-10 13:07,101.7,132,30
2019-05-10 13:13,113.1,131,30
2019-05-10 13:19,112.9,133,30
2019-05-10 13:25,116.7,131,30
2019-05-10 13:31,112.3,138,30
2019-05-10 13:37,124.2,128,30
2019-05-10 13:43,115.3,132,30
2019-05-10 13:49,117.0,133,30
2019-05-10 13:55,107.6,134,30
2019-05-10 14:01,106.7,132,30
2019-05-10 14:07,109.9,133,30
2019-05-10 14:13,114.4,129,30
2019-05-10 14:19,106.7,133,30
2019-05-10 14:25,108.3,140,30
2019-05-10 14:31,63.2,140,30
2019-05-10 14:37,94.5,124,30
2019-05-10 14:43,65.9,132,30
2019-05-10 14:49,92.4,130,30
2019-05-10 14:55,82.7,132,30
2019-05-10 15:01,66.9,129,30
2019-05-10 15:07,67.3,128,30
2019-05-10 15:13,75.6,132,30
2019-05-10 15:19,67.3,135,30
2019-05-10 15:25,63.0,138,30
2019-05-10 15:31,51.3,134,30
2019-05-10 15:37,53.3,134,30
2019-05-10 15:43,45.1,132,30
2019-05-10 15:49,40.3,131,30
2019-05-10 15:55,41.8,131,30
2019-05-10 16:01,36.3,128,30
2019-05-10 16:07,45.0,136,30
2019-05-10 16:13,34.1,131,30
2019-05-10 16:19,34.0,132,30
2019-05-10 16:25,36.7,131,30
2019-05-10 16:31,34.1,135,30
2019-05-10 16:37,32.3,131,30
2019-05-10 16:43,32.5,128,30
2019-05-10 16:49,36.8,131,30
2019-05-10 16:55,21.0,133,30
2019-05-10 17:01,45.2,138,30
2019-05-10 17:07,31.2,134,30
2019-05-10 17:13,16.6,139,30
2019-05-10 17:19,21.5,128,30
2019-05-10 17:25,17.8,139,30
2019-05-10 17:31,18.2,137,30
2019-05-10 17:37,13.4,124,30
2019-05-10 17:43,5.4,122,30
2019-05-10 17:49,1.1,225,30
2019-05-10 17:55,8.0,136,30
2019-05-10 18:01,7.3,140,30
2019-05-10 18:07,2.9,133,30
2019-05-10 18:13,2.8,140,30
2019-05-10 18:19,2.1,182,30
2019-05-10 18:25,11.4,149,30
2019-05-10 18:31,11.6,133,30
2019-05-10 18:37,9.6,152,30
2019-05-10 18:43,13.1,130,30
2019-05-10 18:49,15.9,129,30
2019-05-10 18:55,30.6,133,30
2019-05-10 19:01,30.8,126,30
2019-05-10 19:07,24.9,132,30
2019-05-10 19:13,26.5,137,30
2019-05-10 19:19,31.7,136,30
2019-05-10 19:25,28.5,134,30
2019-05-10 19:31,48.1,126,30
2019-05-10 19:37,23.7,135,30
2019-05-10 19:43,33.8,126,30
2019-05-10 20:01,32.8,123,30
2019-05-10 20:07,32.6,126,30
2019-05-10 20:13,26.9,129,30
2019-05-10 20:19,29.2,132,30
2019-05-10 20:25,25.7,133,30
2019-05-10 20:31,28.1,132,30
2019-05-10 20:37,25.2,131,30
2019-05-10 20:43,27.0,132,30
2019-05-10 21:01,18.7,137,30
2019-05-10 21:07,29.6,139,30
2019-05-10 21:19,38.7,129,30
2019-05-10 21:25,38.2,126,30
2019-05-10 21:31,25.6,124,30
2019-05-10 21:37,34.3,124,30
2019-05-10 21:43,25.4,106,30
2019-05-10 21:49,22.6,114,30
2019-05-10 21:55,31.1,126,30
2019-05-10 22:01,24.5,113,30
2019-05-10 22:07,23.7,112,30
2019-05-10 22:19,25.4,122,30
2019-05-10 22:25,25.7,118,30
2019-05-10 22:31,28.3,120,30
2019-05-10 22:37,34.4,122,30
2019-05-10 22:43,32.8,123,30
2019-05-10 22:49,29.0,117,30
2019-05-10 22:55,37.4,124,30
2019-05-10 23:01,34.7,124,30
2019-05-10 23:07,37.9,127,30
2019-05-10 23:13,35.4,124,30
2019-05-10 23:19,39.2,127,30
2019-05-10 23:25,39.9,127,30
2019-05-10 23:31,43.9,130,30
2019-05-10 23:37,39.5,128,30
2019-05-10 23:43,42.7,126,30
2019-05-10 23:49,45.7,126,30
2019-05-10 23:55,42.0,127,30
2019-05-11 00:01,45.9,124,30
2019-05-11 00:13,57.3,128,30
2019-05-11 00:19,55.4,127,30
2019-05-11 00:25,53.3,127,30
2019-05-11 00:31,49.6,125,30
2019-05-11 00:37,47.6,125,30
2019-05-11 00:43,56.5,126,30
2019-05-11 00:49,57.9,128,30
2019-05-11 00:55,62.8,129,30
2019-05-11 01:01,63.5,128,30
2019-05-11 01:07,63.5,129,30
2019-05-11 01:13,68.0,131,30
2019-05-11 01:19,69.9,128,30
2019-05-11 01:25,79.7,132,30
2019-05-11 01:31,78.4,132,30
2019-05-11 01:37,70.0,130,30
2019-05-11 01:43,74.0,130,30
2019-05-11 01:49,74.7,129,30
2019-05-11 01:55,81.3,134,30
2019-05-11 02:01,77.4,138,30
2019-05-11 02:07,69.9,132,30
2019-05-11 02:13,72.5,132,30
2019-05-11 02:19,81.7,136,30
2019-05-11 02:25,70.3,136,30
2019-05-11 02:31,70.6,128,30
2019-05-11 02:37,75.1,130,30
2019-05-11 02:43,77.3,130,30
2019-05-11 02:49,78.5,135,30
2019-05-11 02:55,67.4,130,30
2019-05-11 03:01,78.3,132,30
2019-05-11 03:07,78.8,128,30
2019-05-11 03:13,67.6,129,30
2019-05-11 03:19,78.8,129,30
2019-05-11 03:25,70.2,134,30
2019-05-11 03:31,67.0,129,30
2019-05-11 03:37,62.0,130,30
2019-05-11 03:43,63.3,127,30
2019-05-11 03:49,70.9,130,30
2019-05-11 03:55,62.4,123,30
2019-05-11 04:01,70.2,126,30
2019-05-11 04:07,73.5,133,30
2019-05-11 04:13,56.9,133,30
2019-05-11 04:19,68.3,123,30
2019-05-11 04:25,75.3,133,30
2019-05-11 04:31,54.8,132,30
2019-05-11 04:37,71.2,124,30
2019-05-11 04:43,70.8,130,30
2019-05-11 04:49,63.3,132,30
2019-05-11 04:55,60.7,132,30
2019-05-11 05:01,65.7,135,30
2019-05-11 05:07,64.1,138,30
2019-05-11 05:13,47.0,146,30
2019-05-11 05:19,35.9,126,30
2019-05-11 05:25,58.9,118,30
2019-05-11 05:31,70.1,126,30
2019-05-11 05:37,56.3,129,30
2019-05-11 05:43,63.4,132,30
2019-05-11 05:49,57.6,135,30
2019-05-11 05:55,39.1,141,30
2019-05-11 06:01,51.6,118,30
2019-05-11 06:07,70.2,123,30
2019-05-11 06:13,62.6,131,30
2019-05-11 06:19,50.2,132,30
2019-05-11 06:25,55.6,125,30
2019-05-11 06:31,61.1,125,30
2019-05-11 06:37,62.0,131,30
2019-05-11 06:43,51.0,131,30
2019-05-11 06:49,51.6,131,30
2019-05-11 06:55,55.4,131,30
2019-05-11 07:01,58.9,135,30
2019-05-11 07:07,55.5,138,30
2019-05-11 07:13,53.8,141,30
2019-05-11 07:19,40.6,141,30
2019-05-11 07:25,27.5,113,30
2019-05-11 07:31,60.3,122,30
2019-05-11 07:37,63.0,125,30
2019-05-11 07:43,53.6,127,30
2019-05-11 07:49,54.2,129,30
2019-05-11 07:55,51.6,130,30
2019-05-11 08:01,47.4,129,30
2019-05-11 08:07,53.5,132,30
2019-05-11 08:13,50.7,132,30
2019-05-11 08:19,56.3,139,30
2019-05-11 08:25,48.4,140,30
2019-05-11 08:31,34.9,125,30
2019-05-11 08:37,44.8,118,30
2019-05-11 08:43,60.6,121,30
2019-05-11 08:49,59.2,125,30
2019-05-11 08:55,54.3,126,30
2019-05-11 09:01,52.1,126,30
2019-05-11 09:07,46.7,128,30
2019-05-11 09:13,49.8,126,30
2019-05-11 09:19,46.2,129,30
2019-05-11 09:25,51.3,130,30
2019-05-11 09:31,50.9,135,30
2019-05-11 09:37,58.5,143,30
2019-05-11 09:43,31.3,122,30
2019-05-11 09:49,60.0,122,30
2019-05-11 09:55,67.4,124,30
2019-05-11 10:01,57.0,127,30
2019-05-11 10:07,57.2,128,30
2019-05-11 10:13,56.6,129,30
2019-05-11 10:19,52.8,132,30
2019-05-11 10:25,58.8,133,30
2019-05-11 10:31,52.6,130,30
2019-05-11 10:37,56.3,127,30
2019-05-11 10:43,55.3,126,30
2019-05-11 10:49,51.5,128,30
2019-05-11 10:55,55.7,130,30
2019-05-11 11:01,47.2,128,30
2019-05-11 11:07,54.4,126,30
2019-05-11 11:13,51.0,125,30
2019-05-11 11:19,49.1,127,30
2019-05-11 11:25,49.7,127,30
2019-05-11 11:31,51.9,130,30
2019-05-11 11:37,40.8,124,30
2019-05-11 11:43,52.0,124,30
2019-05-11 11:49,54.1,129,30
2019-05-11 11:55,47.5,125,30
2019-05-11 12:01,51.7,127,30
2019-05-11 12:07,48.1,128,30
2019-05-11 12:13,51.1,129,30
2019-05-11 12:19,48.4,130,30
2019-05-11 12:25,45.8,132,30
2019-05-11 12:31,45.2,131,30
2019-05-11 12:37,40.9,125,30
2019-05-11 12:43,43.5,124,30
2019-05-11 12:49,48.1,128,30
2019-05-11 12:55,49.0,130,30
2019-05-11 13:01,47.6,129,30
2019-05-11 13:07,44.1,131,30
2019-05-11 13:13,39.7,129,30
2019-05-11 13:19,35.2,127,30
2019-05-11 13:25,39.1,130,30
2019-05-11 13:31,39.9,132,30
2019-05-11 13:37,32.7,130,30
2019-05-11 13:43,32.8,134,30
2019-05-11 13:49,32.4,137,30
2019-05-11 13:55,31.0,138,30
2019-05-11 14:01,26.0,140,30
2019-05-11 14:07,18.6,124,30
2019-05-11 14:13,37.7,124,30
2019-05-11 14:19,47.6,126,30
2019-05-11 14:25,37.3,128,30
2019-05-11 14:31,32.6,131,30
2019-05-11 14:37,29.6,132,30
2019-05-11 14:43,28.5,134,30
2019-05-11 14:49,25.8,131,30
2019-05-11 14:55,24.2,128,30
2019-05-11 15:01,24.1,131,30
2019-05-11 15:07,21.3,125,30
2019-05-11 15:13,21.1,126,30
2019-05-11 15:19,18.1,121,30
2019-05-11 15:25,16.5,130,30
2019-05-11 15:31,18.0,133,30
2019-05-11 15:37,17.0,129,30
2019-05-11 15:43,14.7,133,30
2019-05-11 15:49,14.3,127,30
2019-05-11 15:55,12.6,122,30
2019-05-11 16:01,8.1,132,30
2019-05-11 16:07,6.2,151,30
2019-05-11 16:13,3.0,140,30
2019-05-11 16:19,7.7,164,30
2019-05-11 16:25,4.3,182,30
2019-05-11 16:31,1.9,262,30
2019-05-11 16:37,3.4,308,30
2019-05-11 16:43,5.5,281,30
2019-05-11 16:49,11.0,301,30
2019-05-11 16:55,6.7,240,30
2019-05-11 17:01,12.9,305,30
2019-05-11 17:07,8.6,296,30
2019-05-11 17:13,7.2,309,30
2019-05-11 17:19,15.3,304,30
2019-05-11 17:25,22.6,296,30
2019-05-11 17:31,36.8,319,30
2019-05-11 17:37,27.7,316,30
2019-05-11 17:43,33.0,315,30
2019-05-11 17:49,36.2,319,30
2019-05-11 17:55,40.0,316,30
2019-05-11 18:01,35.8,316,30
2019-05-11 18:07,38.7,315,30
2019-05-11 18:13,42.8,318,30
2019-05-11 18:19,39.9,317,30
2019-05-11 18:25,38.4,318,30
2019-05-11 18:31,34.0,314,30
2019-05-11 18:37,39.2,321,30
2019-05-11 18:43,38.6,318,30
2019-05-11 18:49,37.5,321,30
2019-05-11 18:55,35.4,317,30
2019-05-11 19:01,30.2,315,30
2019-05-11 19:07,32.0,318,30
2019-05-11 19:13,24.4,319,30
2019-05-11 19:19,24.7,314,30
2019-05-11 19:25,21.2,349,30
2019-05-11 19:31,5.6,243,30
2019-05-11 19:37,2.3,182,30
2019-05-11 19:43,3.4,55,30
2019-05-11 19:49,5.4,98,30
2019-05-11 19:55,8.0,109,30
2019-05-11 20:01,14.6,140,30
2019-05-11 20:07,18.9,147,30
2019-05-11 20:13,23.5,148,30
2019-05-11 20:19,22.5,148,30
2019-05-11 20:25,28.3,138,30
2019-05-11 20:31,32.0,145,30
2019-05-11 20:37,33.2,140,30
2019-05-11 20:43,34.7,141,30
2019-05-11 20:49,36.5,140,30
2019-05-11 20:55,41.5,141,30
2019-05-11 21:01,43.7,140,30
2019-05-11 21:07,45.3,140,30
2019-05-11 21:13,44.2,134,30
2019-05-11 21:19,53.8,137,30
2019-05-11 21:25,43.4,133,30
2019-05-11 21:31,53.6,134,30
2019-05-11 21:37,51.3,133,30
2019-05-11 21:43,45.9,134,30
2019-05-11 21:49,45.6,133,30
2019-05-11 21:55,32.5,140,30
2019-05-11 22:01,39.3,137,30
2019-05-11 22:07,41.3,144,30
2019-05-11 22:13,42.2,132,30
2019-05-11 22:19,57.6,131,30
2019-05-11 22:25,52.0,125,30
2019-05-11 22:31,51.8,131,30
2019-05-11 22:43,54.0,132,30
2019-05-11 22:49,50.6,132,30
2019-05-11 22:55,62.0,128,30
2019-05-11 23:01,56.0,130,30
2019-05-11 23:07,51.6,127,30
2019-05-11 23:13,62.7,133,30
2019-05-11 23:19,54.0,129,30
2019-05-11 23:25,54.5,136,30
2019-05-11 23:31,46.8,138,30
2019-05-11 23:37,63.2,130,30
2019-05-11 23:43,59.2,134,30
2019-05-11 23:49,57.0,136,30
2019-05-11 23:55,52.1,129,30
2019-05-12 00:01,59.2,134,30
2019-05-12 00:07,51.7,132,30
2019-05-12 00:13,57.6,131,30
2019-05-12 00:19,55.2,134,30
2019-05-12 00:25,50.6,126,30
2019-05-12 00:31,47.3,127,30
2019-05-12 00:37,61.3,134,30
2019-05-12 00:43,51.9,134,30
2019-05-12 00:49,54.3,126,30
2019-05-12 00:55,52.4,132,30
2019-05-12 01:01,53.7,130,30
2019-05-12 01:07,61.6,128,30
2019-05-12 01:13,59.9,132,30
2019-05-12 01:19,56.6,136,30
2019-05-12 01:25,56.0,134,30
2019-05-12 01:31,55.8,135,30
2019-05-12 01:37,55.3,135,30
2019-05-12 01:43,57.1,137,30
2019-05-12 01:49,49.7,139,30
2019-05-12 01:55,52.9,137,30
2019-05-12 02:01,58.3,142,30
2019-05-12 02:07,54.2,141,30
2019-05-12 02:13,52.1,143,30
2019-05-12 02:19,41.4,143,30
2019-05-12 02:25,32.3,130,30
2019-05-12 02:31,56.1,129,30
2019-05-12 02:37,51.5,131,30
2019-05-12 02:43,52.0,135,30
2019-05-12 02:49,46.9,135,30
2019-05-12 02:55,50.9,139,30
2019-05-12 03:01,53.6,142,30
2019-05-12 03:07,53.1,143,30
2019-05-12 03:13,41.9,145,30
2019-05-12 03:19,15.3,138,30
2019-05-12 03:25,35.4,122,30
2019-05-12 03:31,49.5,128,30
2019-05-12 03:37,48.2,133,30
2019-05-12 03:43,48.0,137,30
2019-05-12 03:49,52.2,142,30
2019-05-12 03:55,39.8,144,30
2019-05-12 04:01,25.7,126,30
2019-05-12 04:07,43.8,125,30
2019-05-12 04:13,44.8,133,30
2019-05-12 04:19,43.6,136,30
2019-05-12 04:25,46.3,136,30
2019-05-12 04:31,46.9,137,30
2019-05-12 04:37,40.9,135,30
2019-05-12 04:43,45.6,135,30
2019-05-12 04:49,42.3,135,30
2019-05-12 04:55,49.5,138,30
2019-05-12 05:01,32.6,136,30
2019-05-12 05:07,37.6,126,30
2019-05-12 05:13,45.7,130,30
2019-05-12 05:19,44.1,134,30
2019-05-12 05:25,49.6,139,30
2019-05-12 05:31,45.1,142,30
2019-05-12 05:37,33.5,134,30
2019-05-12 05:43,39.9,133,30
2019-05-12 05:49,42.3,132,30
2019-05-12 05:55,41.2,131,30
2019-05-12 06:01,43.1,127,30
2019-05-12 06:07,47.2,135,30
2019-05-12 06:13,44.7,136,30
2019-05-12 06:19,53.8,138,30
2019-05-12 06:25,51.6,133,30
2019-05-12 06:31,47.3,138,30
2019-05-12 06:37,49.1,137,30
2019-05-12 06:43,46.6,143,30
2019-05-12 06:49,31.5,132,30
2019-05-12 06:55,47.2,127,30
2019-05-12 07:01,45.3,132,30
2019-05-12 07:07,47.5,138,30
2019-05-12 07:13,43.7,133,30
2019-05-12 07:19,43.1,131,30
2019-05-12 07:25,46.9,128,30
2019-05-12 07:31,46.6,131,30
2019-05-12 07:37,47.1,132,30
2019-05-12 07:43,50.5,137,30
2019-05-12 07:49,44.9,131,30
2019-05-12 07:55,54.9,134,30
2019-05-12 08:01,46.7,133,30
2019-05-12 08:07,46.6,132,30
2019-05-12 08:13,47.7,134,30
2019-05-12 08:19,52.1,133,30
2019-05-12 08:25,55.2,135,30
2019-05-12 08:31,41.0,130,30
2019-05-12 08:37,50.4,130,30
2019-05-12 08:43,53.0,132,30
2019-05-12 08:49,47.3,126,30
2019-05-12 08:55,53.0,131,30
2019-05-12 09:01,54.3,135,30
2019-05-12 09:07,50.3,132,30
2019-05-12 09:13,53.1,130,30
2019-05-12 09:19,47.7,130,30
2019-05-12 09:25,53.2,129,30
2019-05-12 09:31,45.9,125,30
2019-05-12 09:37,46.2,127,30
2019-05-12 09:43,46.5,136,30
2019-05-12 09:49,40.8,134,30
2019-05-12 09:55,37.2,125,30
2019-05-12 10:01,47.4,128,30
2019-05-12 10:07,40.7,125,30
2019-05-12 10:13,35.8,122,30
2019-05-12 10:19,47.1,130,30
2019-05-12 10:25,45.1,135,30
2019-05-12 10:31,50.8,132,30
2019-05-12 10:37,46.2,131,30
2019-05-12 10:43,43.8,131,30
2019-05-12 10:49,42.4,126,30
2019-05-12 10:55,46.4,132,30
2019-05-12 11:01,42.2,135,30
2019-05-12 11:07,46.2,129,30
2019-05-12 11:13,48.4,127,30
2019-05-12 11:19,42.3,127,30
2019-05-12 11:25,41.5,133,30
2019-05-12 11:31,38.2,130,30
2019-05-12 11:37,37.3,125,30
2019-05-12 11:43,34.0,124,30
2019-05-12 11:49,39.0,132,30
2019-05-12 11:55,32.4,128,30
2019-05-12 12:01,37.2,122,30
2019-05-12 12:07,30.7,127,30
2019-05-12 12:13,35.4,134,30
2019-05-12 12:19,28.3,139,30
2019-05-12 12:25,30.0,132,30
2019-05-12 12:31,36.6,139,30
2019-05-12 12:37,33.5,133,30
2019-05-12 12:43,17.6,124,30
2019-05-12 12:49,23.5,127,30
2019-05-12 12:55,31.2,137,30
2019-05-12 13:01,24.5,140,30
2019-05-12 13:07,23.7,139,30
2019-05-12 13:13,29.6,129,30
2019-05-12 13:19,25.6,125,30
2019-05-12 13:25,17.8,132,30
2019-05-12 13:31,22.0,131,30
2019-05-12 13:37,18.0,136,30
2019-05-12 13:43,12.8,144,30
2019-05-12 13:49,9.9,136,30
2019-05-12 13:55,16.7,133,30
2019-05-12 14:01,31.9,144,30
2019-05-12 14:07,28.2,132,30
2019-05-12 14:13,35.2,122,30
2019-05-12 14:19,23.0,131,30
2019-05-12 14:25,22.2,143,30
2019-05-12 14:31,21.8,141,30
2019-05-12 14:37,21.7,136,30
2019-05-12 14:43,19.2,131,30
2019-05-12 14:49,16.6,120,30
2019-05-12 14:55,12.3,133,30
2019-05-12 15:01,10.3,142,30
2019-05-12 15:07,18.2,149,30
2019-05-12 15:13,14.7,133,30
2019-05-12 15:19,10.2,121,30
2019-05-12 15:25,5.5,112,30
2019-05-12 15:31,7.0,138,30
2019-05-12 15:37,8.2,150,30
2019-05-12 15:43,7.5,154,30
2019-05-12 15:49,8.1,122,30
2019-05-12 15:55,8.7,112,30
2019-05-12 16:01,7.0,136,30
2019-05-12 16:07,18.0,144,30
2019-05-12 16:13,15.6,125,30
2019-05-12 16:19,9.8,119,30
2019-05-12 16:25,7.0,140,30
2019-05-12 16:31,10.8,124,30
2019-05-12 16:37,5.4,125,30
2019-05-12 16:43,4.5,125,30
2019-05-12 16:49,3.1,121,30
2019-05-12 16:55,3.9,310,30
2019-05-12 17:01,3.1,320,30
2019-05-12 17:07,7.2,319,30
2019-05-12 17:13,11.0,319,30
2019-05-12 17:19,20.0,315,30
2019-05-12 17:25,18.9,313,30
2019-05-12 17:31,24.6,306,30
2019-05-12 17:37,32.5,314,30
2019-05-12 17:43,22.1,301,30
2019-05-12 17:49,30.3,310,30
2019-05-12 17:55,21.6,308,30
2019-05-12 18:01,19.6,317,30
2019-05-12 18:07,22.9,320,30
2019-05-12 18:13,6.6,77,30
2019-05-12 18:19,8.5,326,30
2019-05-12 18:25,16.8,304,30
2019-05-12 18:31,19.3,320,30
2019-05-12 18:37,17.3,307,30
2019-05-12 18:43,16.0,311,30
2019-05-12 18:49,17.4,314,30
2019-05-12 18:55,22.6,311,30
2019-05-12 19:01,12.0,294,30
2019-05-12 19:07,19.0,314,30
2019-05-12 19:13,12.4,326,30
2019-05-12 19:19,8.9,324,30
2019-05-12 19:25,10.4,177,30
2019-05-12 19:31,22.8,317,30
2019-05-12 19:37,13.9,312,30
2019-05-12 19:43,9.9,306,30
2019-05-12 19:55,7.8,309,30
2019-05-12 20:01,13.4,320,30
2019-05-12 20:07,20.6,317,30
2019-05-12 20:13,14.6,303,30
2019-05-12 20:25,11.9,327,30
2019-05-12 20:31,16.2,324,30
2019-05-12 20:37,7.8,306,30
2019-05-12 20:43,10.9,286,30
2019-05-12 20:49,13.0,300,30
2019-05-12 20:55,11.5,312,30
2019-05-12 21:01,6.4,325,30
2019-05-12 21:07,8.7,326,30
2019-05-12 21:13,7.1,134,30
2019-05-12 21:19,4.1,125,30
2019-05-12 21:25,7.1,156,30
2019-05-12 21:31,19.0,146,30
2019-05-12 21:37,15.4,148,30
2019-05-12 21:43,13.4,157,30
2019-05-12 21:49,17.3,151,30
2019-05-12 21:55,13.7,167,30
2019-05-12 22:07,19.8,135,30
2019-05-12 22:13,19.7,147,30
2019-05-12 22:19,77.1,137,30
2019-05-12 22:25,24.7,153,30
2019-05-12 22:31,31.3,137,30
2019-05-12 22:37,29.6,141,30
2019-05-12 22:43,26.7,143,30
2019-05-12 22:49,21.6,140,30
2019-05-12 22:55,19.7,157,30
2019-05-12 23:01,16.7,141,30
2019-05-12 23:07,23.9,140,30
2019-05-12 23:13,26.0,145,30
2019-05-12 23:19,35.7,143,30
2019-05-12 23:25,34.8,152,30
2019-05-12 23:37,29.3,136,30
2019-05-12 23:43,40.5,145,30
2019-05-12 23:49,36.8,145,30
2019-05-12 23:55,40.1,146,30
2019-05-13 00:01,42.7,148,30
2019-05-13 00:07,43.4,144,30
2019-05-13 00:13,34.6,144,30
2019-05-13 00:19,33.7,143,30
2019-05-13 00:25,56.9,140,30
2019-05-13 00:31,31.2,142,30
2019-05-13 00:37,33.7,146,30
2019-05-13 00:43,36.6,145,30
2019-05-13 00:49,47.0,143,30
2019-05-13 00:55,43.5,142,30
2019-05-13 01:01,41.0,144,30
2019-05-13 01:07,36.5,143,30
2019-05-13 01:13,37.0,142,30
2019-05-13 01:19,37.7,150,30
2019-05-13 01:25,40.2,147,30
2019-05-13 01:31,30.1,152,30
2019-05-13 01:37,39.7,145,30
2019-05-13 01:43,43.6,142,30
2019-05-13 01:49,50.6,142,30
2019-05-13 02:01,47.5,142,30
2019-05-13 02:07,47.1,145,30
2019-05-13 02:13,47.5,144,30
2019-05-13 02:19,43.9,149,30
2019-05-13 02:25,45.8,146,30
2019-05-13 02:31,49.6,144,30
2019-05-13 02:37,40.3,146,30
2019-05-13 02:43,45.3,143,30
2019-05-13 02:49,38.8,146,30
2019-05-13 02:55,36.4,143,30
2019-05-13 03:01,44.2,143,30
2019-05-13 03:07,43.0,145,30
2019-05-13 03:13,45.3,147,30
2019-05-13 03:19,44.7,144,30
2019-05-13 03:25,40.7,146,30
2019-05-13 03:31,43.7,144,30
2019-05-13 03:37,37.2,138,30
2019-05-13 03:43,39.0,139,30
2019-05-13 03:49,41.2,143,30
2019-05-13 03:55,35.8,143,30
2019-05-13 04:01,31.8,142,30
2019-05-13 04:07,37.3,142,30
2019-05-13 04:13,37.2,144,30
2019-05-13 04:19,30.5,131,30
2019-05-13 04:25,36.5,135,30
2019-05-13 04:31,30.8,141,30
2019-05-13 04:37,30.6,135,30
2019-05-13 04:43,31.8,141,30
2019-05-13 04:49,30.9,137,30
2019-05-13 04:55,25.0,145,30
2019-05-13 05:01,29.2,142,30
2019-05-13 05:07,34.1,141,30
2019-05-13 05:13,30.4,148,30
2019-05-13 05:19,33.7,143,30
2019-05-13 05:25,32.7,147,30
2019-05-13 05:31,26.5,143,30
2019-05-13 05:37,24.8,146,30
2019-05-13 05:43,27.0,143,30
2019-05-13 05:49,20.5,141,30
2019-05-13 05:55,25.0,134,30
2019-05-13 06:01,28.7,138,30
2019-05-13 06:07,22.9,128,30
2019-05-13 06:13,26.0,138,30
2019-05-13 06:19,27.1,137,30
2019-05-13 06:25,30.8,137,30
2019-05-13 06:31,29.9,139,30
2019-05-13 06:37,23.9,139,30
2019-05-13 06:43,24.0,140,30
2019-05-13 06:49,29.3,134,30
2019-05-13 06:55,35.7,135,30
2019-05-13 07:01,24.6,136,30
2019-05-13 07:07,44.7,136,30
2019-05-13 07:13,30.2,128,30
2019-05-13 07:19,26.9,135,30
2019-05-13 07:25,28.5,140,30
2019-05-13 07:31,33.2,137,30
2019-05-13 07:37,26.0,135,30
2019-05-13 07:43,24.8,120,30
2019-05-13 07:49,35.1,133,30
2019-05-13 07:55,23.5,142,30
2019-05-13 08:01,20.8,140,30
2019-05-13 08:07,25.4,131,30
2019-05-13 08:13,26.2,136,30
2019-05-13 08:19,28.5,133,30
2019-05-13 08:25,34.3,141,30
2019-05-13 08:31,24.6,147,30
2019-05-13 08:37,27.1,147,30
2019-05-13 08:43,15.5,135,30
2019-05-13 08:49,20.7,135,30
2019-05-13 08:55,25.1,131,30
2019-05-13 09:01,19.5,128,30
2019-05-13 09:07,31.5,137,30
2019-05-13 09:13,26.5,142,30
2019-05-13 09:19,22.7,129,30
2019-05-13 09:25,25.5,136,30
2019-05-13 09:31,30.6,136,30
2019-05-13 09:37,29.9,130,30
2019-05-13 09:43,29.7,136,30
2019-05-13 09:49,29.7,138,30
2019-05-13 09:55,31.0,138,30
2019-05-13 10:01,22.6,135,30
2019-05-13 10:07,28.3,133,30
2019-05-13 10:13,35.0,134,30
2019-05-13 10:19,27.9,138,30
2019-05-13 10:25,23.0,148,30
2019-05-13 10:31,24.0,154,30
2019-05-13 10:37,20.3,151,30
2019-05-13 10:43,20.6,131,30
2019-05-13 10:49,26.4,133,30
2019-05-13 10:55,22.2,139,30
2019-05-13 11:01,17.5,140,30
2019-05-13 11:07,20.8,137,30
2019-05-13 11:13,23.3,141,30
2019-05-13 11:19,24.5,139,30
2019-05-13 11:25,17.7,143,30
2019-05-13 11:31,14.7,140,30
2019-05-13 11:37,19.4,144,30
2019-05-13 11:43,32.8,142,30
2019-05-13 11:49,30.3,135,30
2019-05-13 11:55,21.4,141,30
2019-05-13 12:01,24.6,121,30
2019-05-13 12:07,17.0,122,30
2019-05-13 12:13,23.5,120,30
2019-05-13 12:19,23.3,123,30
2019-05-13 12:25,20.0,121,30
2019-05-13 12:31,15.4,120,30
2019-05-13 12:37,18.9,123,30
2019-05-13 12:43,19.3,121,30
2019-05-13 12:49,12.4,118,30
2019-05-13 12:55,19.4,123,30
2019-05-13 13:01,32.8,123,30
2019-05-13 13:07,22.4,126,30
2019-05-13 13:13,27.4,132,30
2019-05-13 13:19,31.3,128,30
2019-05-13 13:25,13.7,132,30
2019-05-13 13:31,13.5,131,30
2019-05-13 13:37,12.2,128,30
2019-05-13 13:43,8.6,117,30
2019-05-13 13:49,13.8,126,30
2019-05-13 13:55,9.4,120,30
2019-05-13 14:01,11.1,120,30
2019-05-13 14:07,10.1,131,30
2019-05-13 14:13,8.4,125,30
2019-05-13 14:19,5.8,109,30
2019-05-13 14:25,19.3,143,30
2019-05-13 14:31,12.6,133,30
2019-05-13 14:37,3.0,43,30
2019-05-13 14:43,18.2,104,30
2019-05-13 14:49,19.2,122,30
2019-05-13 14:55,0.6,19,30
2019-05-13 15:01,5.2,63,30
2019-05-13 15:07,8.1,129,30
2019-05-13 15:13,8.8,127,30
2019-05-13 15:19,9.1,127,30
2019-05-13 15:25,40.7,122,30
2019-05-13 15:31,25.5,139,30
2019-05-13 15:37,20.9,133,30
2019-05-13 15:43,19.7,127,30
2019-05-13 15:49,11.4,146,30
2019-05-13 15:55,4.2,143,30
2019-05-13 16:01,8.2,129,30
2019-05-13 16:07,8.7,140,30
2019-05-13 16:13,1.0,185,30
2019-05-13 16:19,1.3,114,30
2019-05-13 16:25,2.4,325,30
2019-05-13 16:31,3.7,348,30
2019-05-13 16:37,0.3,185,30
2019-05-13 16:43,6.2,312,30
2019-05-13 16:49,11.0,311,30
2019-05-13 16:55,11.0,325,30
2019-05-13 17:01,15.6,315,30
2019-05-13 17:07,13.0,323,30
2019-05-13 17:13,9.0,323,30
2019-05-13 17:19,35.1,313,30
2019-05-13 17:31,9.9,313,30
2019-05-13 17:37,11.4,320,30
2019-05-13 17:43,11.6,312,30
2019-05-13 17:49,19.1,307,30
2019-05-13 17:55,18.3,311,30
2019-05-13 18:01,17.6,319,30
2019-05-13 18:07,19.1,317,30
2019-05-13 18:13,19.5,311,30
2019-05-13 18:19,24.2,315,30
2019-05-13 18:25,27.0,331,30
2019-05-13 18:31,17.4,311,30
2019-05-13 18:37,22.4,310,30
2019-05-13 18:43,26.6,323,30
2019-05-13 18:49,25.0,316,30
2019-05-13 18:55,24.0,317,30
2019-05-13 19:01,28.9,316,30
2019-05-13 19:07,25.8,316,30
2019-05-13 19:13,18.3,312,30
2019-05-13 19:19,19.1,309,30
2019-05-13 19:25,23.4,318,30
2019-05-13 19:31,17.9,317,30
2019-05-13 19:37,25.6,313,30
2019-05-13 19:43,16.9,313,30
2019-05-13 19:49,28.2,318,30
2019-05-13 19:55,28.3,317,30
2019-05-13 20:07,18.0,305,30
2019-05-13 20:13,18.3,315,30
2019-05-13 20:25,14.6,322,30
2019-05-13 20:31,16.1,315,30
2019-05-13 20:37,24.3,316,30
2019-05-13 20:43,21.3,313,30
2019-05-13 20:49,21.3,312,30
2019-05-13 20:55,17.8,316,30
2019-05-13 21:01,10.8,293,30
2019-05-13 21:07,22.0,310,30
2019-05-13 21:19,13.5,324,30
2019-05-13 21:25,12.0,326,30
2019-05-13 21:31,14.5,321,30
2019-05-13 21:37,7.9,307,30
2019-05-13 21:43,7.7,329,30
2019-05-13 21:49,7.0,317,30
2019-05-13 21:55,4.4,295,30
2019-05-13 22:01,3.3,327,30
2019-05-13 22:07,3.9,142,30
2019-05-13 22:13,1.2,26,30
2019-05-13 22:19,2.6,116,30
2019-05-13 22:25,1.4,174,30
2019-05-13 22:31,1.9,156,30
2019-05-13 22:37,6.9,136,30
2019-05-13 22:43,5.6,137,30
2019-05-13 22:49,6.8,137,30
2019-05-13 22:55,12.6,136,30
2019-05-13 23:19,15.0,138,30
