Date Time, Speed, Direction, Direction, Gust, X, R 
2019-05-07 23:24,5.6,107.0,ESE,7.0,0,0
2019-05-07 23:30,6.3,114.0,ESE,7.3,0,0
2019-05-07 23:36,5.7,105.0,ESE,6.6,0,0
2019-05-07 23:42,6.6,99.0,E,7.6,0,0
2019-05-07 23:48,6.5,100.0,E,7.6,0,0
2019-05-07 23:54,5.9,97.0,E,7.0,0,0
2019-05-08 00:00,5.5,89.0,E,6.9,0,0
2019-05-08 00:06,5.7,88.0,E,6.5,0,0
2019-05-08 00:12,6.0,85.0,E,6.9,0,0
2019-05-08 00:18,5.4,89.0,E,7.4,0,0
2019-05-08 00:24,5.8,90.0,E,7.6,0,0
2019-05-08 00:30,5.9,88.0,E,7.0,0,0
2019-05-08 00:36,6.7,81.0,E,7.7,0,0
2019-05-08 00:42,6.3,74.0,ENE,7.4,0,0
2019-05-08 00:48,7.1,73.0,ENE,7.8,0,0
2019-05-08 00:54,5.8,86.0,E,7.9,0,0
2019-05-08 01:00,6.2,97.0,E,7.2,0,0
2019-05-08 01:06,5.5,97.0,E,6.5,0,0
2019-05-08 01:12,7.8,109.0,ESE,9.2,0,0
2019-05-08 01:18,7.0,119.0,ESE,8.7,0,0
2019-05-08 01:24,7.2,129.0,SE,8.7,0,0
2019-05-08 01:30,7.3,125.0,SE,8.8,0,0
2019-05-08 01:36,8.4,121.0,ESE,9.2,0,0
2019-05-08 01:42,7.3,118.0,ESE,9.1,0,0
2019-05-08 01:48,7.8,128.0,SE,9.5,0,0
2019-05-08 01:54,7.0,113.0,ESE,8.5,0,0
2019-05-08 02:00,8.5,118.0,ESE,9.9,0,0
2019-05-08 02:06,7.2,85.0,E,10.1,0,0
2019-05-08 02:12,6.6,81.0,E,8.0,0,0
2019-05-08 02:18,9.3,74.0,ENE,10.4,0,0
2019-05-08 02:24,7.7,96.0,E,9.2,0,0
2019-05-08 02:30,6.3,87.0,E,8.8,0,0
2019-05-08 02:36,7.8,82.0,E,10.1,0,0
2019-05-08 02:42,7.4,92.0,E,10.1,0,0
2019-05-08 02:48,7.8,118.0,ESE,9.4,0,0
2019-05-08 02:54,7.0,106.0,ESE,8.9,0,0
2019-05-08 03:00,6.1,132.0,SE,7.7,0,0
2019-05-08 03:06,8.6,147.0,SSE,11.2,0,0
2019-05-08 03:12,7.3,151.0,SSE,11.2,0,0
2019-05-08 03:18,10.6,130.0,SE,12.8,0,0
2019-05-08 03:24,8.0,107.0,ESE,10.5,0,0
2019-05-08 03:30,8.0,116.0,ESE,10.4,0,0
2019-05-08 03:36,7.9,119.0,ESE,9.5,0,0
2019-05-08 03:42,9.1,125.0,SE,9.9,0,0
2019-05-08 03:48,9.1,133.0,SE,10.6,0,0
2019-05-08 03:54,10.1,117.0,ESE,11.3,0,0
2019-05-08 04:00,9.6,118.0,ESE,11.4,0,0
2019-05-08 04:06,10.1,124.0,SE,11.7,0,0
2019-05-08 04:12,11.0,114.0,ESE,12.9,0,0
2019-05-08 04:18,11.3,111.0,ESE,13.2,0,0
2019-05-08 04:24,10.1,110.0,ESE,12.0,0,0
2019-05-08 04:30,9.6,114.0,ESE,11.1,0,0
2019-05-08 04:36,8.4,111.0,ESE,10.4,0,0
2019-05-08 04:42,7.8,124.0,SE,9.8,0,0
2019-05-08 04:48,6.8,128.0,SE,9.3,0,0
2019-05-08 04:54,4.5,119.0,ESE,6.3,0,0
2019-05-08 05:00,4.3,86.0,E,5.6,0,0
2019-05-08 05:06,6.3,105.0,ESE,7.1,0,0
2019-05-08 05:12,6.4,104.0,ESE,7.4,0,0
2019-05-08 05:18,6.8,112.0,ESE,7.7,0,0
2019-05-08 05:24,7.6,115.0,ESE,8.5,0,0
2019-05-08 05:30,6.9,120.0,ESE,8.3,0,0
2019-05-08 05:36,6.2,109.0,ESE,7.6,0,0
2019-05-08 05:42,6.3,102.0,ESE,7.3,0,0
2019-05-08 05:48,6.9,110.0,ESE,7.5,0,0
2019-05-08 05:54,6.5,113.0,ESE,7.3,0,0
2019-05-08 06:00,7.0,112.0,ESE,8.2,0,0
2019-05-08 06:06,7.3,113.0,ESE,8.5,0,0
2019-05-08 06:12,7.1,118.0,ESE,8.5,0,0
2019-05-08 06:18,8.4,114.0,ESE,9.5,0,0
2019-05-08 06:24,8.3,117.0,ESE,9.5,0,0
2019-05-08 06:30,8.2,125.0,SE,9.4,0,0
2019-05-08 06:36,8.7,127.0,SE,9.6,0,0
2019-05-08 06:42,9.4,135.0,SE,10.9,0,0
2019-05-08 06:48,10.3,148.0,SSE,12.3,0,0
2019-05-08 06:54,10.7,154.0,SSE,12.0,0,0
2019-05-08 07:00,10.1,149.0,SSE,11.7,0,0
2019-05-08 07:06,11.1,160.0,SSE,12.5,0,0
2019-05-08 07:12,10.8,163.0,SSE,13.1,0,0
2019-05-08 07:18,10.7,165.0,SSE,12.6,0,0
2019-05-08 07:24,10.8,163.0,SSE,12.5,0,0
2019-05-08 07:30,11.0,156.0,SSE,13.0,0,0
2019-05-08 07:36,10.4,159.0,SSE,12.9,0,0
2019-05-08 07:42,9.8,169.0,S,11.5,0,0
2019-05-08 07:48,10.9,169.0,S,13.0,0,0
2019-05-08 07:54,9.4,171.0,S,11.3,0,0
2019-05-08 08:00,9.9,164.0,SSE,11.0,0,0
2019-05-08 08:06,9.7,163.0,SSE,11.3,0,0
2019-05-08 08:12,9.3,161.0,SSE,10.6,0,0
2019-05-08 08:18,9.3,159.0,SSE,10.4,0,0
2019-05-08 08:24,10.0,161.0,SSE,11.3,0,0
2019-05-08 08:30,8.9,161.0,SSE,10.7,0,0
2019-05-08 08:36,10.2,159.0,SSE,11.7,0,0
2019-05-08 08:42,11.1,161.0,SSE,12.6,0,0
2019-05-08 08:48,11.4,164.0,SSE,12.8,0,0
2019-05-08 08:54,10.9,164.0,SSE,12.2,0,0
2019-05-08 09:00,10.9,162.0,SSE,12.3,0,0
2019-05-08 09:06,10.0,164.0,SSE,11.7,0,0
2019-05-08 09:12,10.2,164.0,SSE,11.5,0,0
2019-05-08 09:18,9.0,171.0,S,11.6,0,0
2019-05-08 09:24,9.7,172.0,S,11.4,0,0
2019-05-08 09:30,8.8,171.0,S,11.2,0,0
2019-05-08 09:36,8.5,173.0,S,11.3,0,0
2019-05-08 09:42,8.4,175.0,S,10.9,0,0
2019-05-08 09:48,8.5,177.0,S,9.9,0,0
2019-05-08 09:54,7.1,177.0,S,9.6,0,0
2019-05-08 10:00,7.5,176.0,S,8.7,0,0
2019-05-08 10:06,8.3,178.0,S,10.4,0,0
2019-05-08 10:12,7.9,178.0,S,9.0,0,0
2019-05-08 10:18,7.4,180.0,S,9.0,0,0
2019-05-08 10:24,7.9,181.0,S,9.2,0,0
2019-05-08 10:30,8.5,177.0,S,10.1,0,0
2019-05-08 10:36,7.3,178.0,S,9.6,0,0
2019-05-08 10:42,7.9,175.0,S,9.7,0,0
2019-05-08 10:48,7.6,174.0,S,9.3,0,0
2019-05-08 10:54,8.2,172.0,S,9.6,0,0
2019-05-08 11:00,7.6,171.0,S,9.3,0,0
2019-05-08 11:06,7.5,171.0,S,8.8,0,0
2019-05-08 11:12,7.2,171.0,S,8.6,0,0
2019-05-08 11:18,7.9,172.0,S,9.5,0,0
2019-05-08 11:24,7.4,176.0,S,8.7,0,0
2019-05-08 11:30,6.2,180.0,S,7.9,0,0
2019-05-08 11:36,6.2,176.0,S,7.7,0,0
2019-05-08 11:42,5.8,171.0,S,6.9,0,0
2019-05-08 11:48,6.9,166.0,SSE,8.3,0,0
2019-05-08 11:54,6.6,161.0,SSE,7.7,0,0
2019-05-08 12:00,6.7,158.0,SSE,7.8,0,0
2019-05-08 12:06,7.3,159.0,SSE,8.1,0,0
2019-05-08 12:12,5.6,161.0,SSE,7.0,0,0
2019-05-08 12:18,5.9,156.0,SSE,6.8,0,0
2019-05-08 12:24,5.4,157.0,SSE,7.3,0,0
2019-05-08 12:30,6.7,157.0,SSE,7.6,0,0
2019-05-08 12:36,5.9,161.0,SSE,7.1,0,0
2019-05-08 12:42,6.8,166.0,SSE,8.5,0,0
2019-05-08 12:48,8.3,164.0,SSE,10.3,0,0
2019-05-08 12:54,8.0,161.0,SSE,10.8,0,0
2019-05-08 13:00,8.0,161.0,SSE,9.5,0,0
2019-05-08 13:06,8.4,160.0,SSE,10.1,0,0
2019-05-08 13:12,8.3,159.0,SSE,9.9,0,0
2019-05-08 13:18,8.2,166.0,SSE,11.1,0,0
2019-05-08 13:24,8.2,167.0,SSE,9.7,0,0
2019-05-08 13:30,9.0,164.0,SSE,10.5,0,0
2019-05-08 13:36,9.3,164.0,SSE,11.3,0,0
2019-05-08 13:42,9.0,170.0,S,10.7,0,0
2019-05-08 13:48,9.1,170.0,S,11.2,0,0
2019-05-08 13:54,8.7,175.0,S,10.4,0,0
2019-05-08 14:00,8.2,177.0,S,10.3,0,0
2019-05-08 14:06,9.2,169.0,S,10.8,0,0
2019-05-08 14:12,8.3,173.0,S,10.2,0,0
2019-05-08 14:18,8.0,173.0,S,9.4,0,0
2019-05-08 14:24,8.1,171.0,S,9.1,0,0
2019-05-08 14:30,7.9,174.0,S,8.9,0,0
2019-05-08 14:36,7.1,172.0,S,9.7,0,0
2019-05-08 14:42,8.6,174.0,S,10.8,0,0
2019-05-08 14:48,8.9,173.0,S,10.1,0,0
2019-05-08 14:54,7.9,174.0,S,9.9,0,0
2019-05-08 15:00,8.1,173.0,S,9.6,0,0
2019-05-08 15:06,8.9,174.0,S,10.4,0,0
2019-05-08 15:12,8.9,178.0,S,9.8,0,0
2019-05-08 15:18,8.1,175.0,S,9.2,0,0
2019-05-08 15:24,9.5,173.0,S,11.3,0,0
2019-05-08 15:30,8.6,175.0,S,11.3,0,0
2019-05-08 15:36,8.7,176.0,S,10.2,0,0
2019-05-08 15:42,8.0,175.0,S,9.9,0,0
2019-05-08 15:48,7.6,174.0,S,10.0,0,0
2019-05-08 15:54,7.6,179.0,S,9.1,0,0
2019-05-08 16:00,8.0,178.0,S,9.8,0,0
2019-05-08 16:06,6.7,175.0,S,9.8,0,0
2019-05-08 16:12,7.0,174.0,S,8.8,0,0
2019-05-08 16:18,7.8,181.0,S,9.1,0,0
2019-05-08 16:24,7.9,172.0,S,10.1,0,0
2019-05-08 16:30,7.3,172.0,S,9.2,0,0
2019-05-08 16:36,6.7,171.0,S,9.3,0,0
2019-05-08 16:42,6.5,163.0,SSE,9.2,0,0
2019-05-08 16:48,6.2,166.0,SSE,8.0,0,0
2019-05-08 16:54,6.0,163.0,SSE,7.5,0,0
2019-05-08 17:00,,,,,1,1
2019-05-08 17:06,6.6,162.0,SSE,7.9,0,0
2019-05-08 17:12,7.2,169.0,S,9.0,0,0
2019-05-08 17:18,6.5,164.0,SSE,8.2,0,0
2019-05-08 17:24,7.4,168.0,SSE,8.3,0,0
2019-05-08 17:30,7.5,162.0,SSE,8.7,0,0
2019-05-08 17:36,6.9,166.0,SSE,9.6,0,0
2019-05-08 17:42,6.7,170.0,S,8.4,0,0
2019-05-08 17:48,6.6,171.0,S,8.6,0,0
2019-05-08 17:54,6.8,171.0,S,8.4,0,0
2019-05-08 18:00,6.9,169.0,S,8.4,0,0
2019-05-08 18:06,7.0,171.0,S,8.0,0,0
2019-05-08 18:12,5.8,170.0,S,7.4,0,0
2019-05-08 18:18,5.5,168.0,SSE,7.2,0,0
2019-05-08 18:24,6.3,179.0,S,7.6,0,0
2019-05-08 18:30,6.0,178.0,S,7.5,0,0
2019-05-08 18:36,6.3,167.0,SSE,8.3,0,0
2019-05-08 18:42,6.4,170.0,S,7.8,0,0
2019-05-08 18:48,7.7,171.0,S,8.9,0,0
2019-05-08 18:54,7.0,162.0,SSE,7.8,0,0
2019-05-08 19:00,6.1,163.0,SSE,7.5,0,0
2019-05-08 19:06,5.6,160.0,SSE,7.0,0,0
2019-05-08 19:12,5.5,157.0,SSE,6.3,0,0
2019-05-08 19:18,7.1,158.0,SSE,7.9,0,0
2019-05-08 19:24,6.3,158.0,SSE,7.5,0,0
2019-05-08 19:30,6.2,161.0,SSE,7.3,0,0
2019-05-08 19:36,6.4,167.0,SSE,7.3,0,0
2019-05-08 19:42,5.9,168.0,SSE,7.0,0,0
2019-05-08 19:48,5.3,156.0,SSE,6.4,0,0
2019-05-08 19:54,3.8,180.0,S,4.9,0,0
2019-05-08 20:00,5.3,169.0,S,6.1,0,0
2019-05-08 20:06,5.5,173.0,S,6.2,0,0
2019-05-08 20:12,5.7,175.0,S,6.9,0,0
2019-05-08 20:18,6.2,167.0,SSE,7.4,0,0
2019-05-08 20:24,6.8,174.0,S,8.2,0,0
2019-05-08 20:30,7.2,165.0,SSE,8.0,0,0
2019-05-08 20:36,7.0,162.0,SSE,8.3,0,0
2019-05-08 20:42,7.7,162.0,SSE,8.7,0,0
2019-05-08 20:48,7.8,166.0,SSE,8.9,0,0
2019-05-08 20:54,7.1,168.0,SSE,8.7,0,0
2019-05-08 21:00,7.2,165.0,SSE,8.3,0,0
2019-05-08 21:06,6.9,167.0,SSE,8.2,0,0
2019-05-08 21:12,6.6,166.0,SSE,8.0,0,0
2019-05-08 21:18,7.7,163.0,SSE,8.8,0,0
2019-05-08 21:24,7.3,162.0,SSE,8.7,0,0
2019-05-08 21:30,6.6,161.0,SSE,9.1,0,0
2019-05-08 21:36,7.5,163.0,SSE,8.8,0,0
2019-05-08 21:42,7.3,159.0,SSE,8.8,0,0
2019-05-08 21:48,8.4,162.0,SSE,9.1,0,0
2019-05-08 21:54,7.6,164.0,SSE,8.9,0,0
2019-05-08 22:00,7.2,167.0,SSE,9.0,0,0
2019-05-08 22:06,7.4,167.0,SSE,8.6,0,0
2019-05-08 22:12,8.3,168.0,SSE,9.3,0,0
2019-05-08 22:18,7.4,171.0,S,9.7,0,0
2019-05-08 22:24,7.3,170.0,S,9.4,0,0
2019-05-08 22:30,7.7,170.0,S,8.6,0,0
2019-05-08 22:36,7.6,170.0,S,9.2,0,0
2019-05-08 22:42,7.6,170.0,S,9.7,0,0
2019-05-08 22:48,8.1,171.0,S,9.3,0,0
2019-05-08 22:54,8.6,175.0,S,10.4,0,0
2019-05-08 23:00,7.4,171.0,S,10.2,0,0
2019-05-08 23:06,9.0,173.0,S,10.5,0,0
2019-05-08 23:12,8.0,174.0,S,9.2,0,0
2019-05-08 23:18,8.5,173.0,S,9.5,0,0
2019-05-08 23:24,8.6,175.0,S,10.0,0,0
2019-05-08 23:30,8.8,172.0,S,10.7,0,0
2019-05-08 23:36,9.5,172.0,S,11.3,0,0
2019-05-08 23:42,9.1,171.0,S,10.6,0,0
2019-05-08 23:48,8.5,169.0,S,10.7,0,0
2019-05-08 23:54,8.6,170.0,S,10.5,0,0
2019-05-09 00:00,8.6,170.0,S,9.5,0,0
2019-05-09 00:06,9.5,171.0,S,10.7,0,0
2019-05-09 00:12,9.1,171.0,S,10.7,0,0
2019-05-09 00:18,9.1,172.0,S,11.1,0,0
2019-05-09 00:24,9.2,173.0,S,10.6,0,0
2019-05-09 00:30,8.7,175.0,S,10.4,0,0
2019-05-09 00:36,8.9,177.0,S,10.1,0,0
2019-05-09 00:42,9.4,177.0,S,10.8,0,0
2019-05-09 00:48,9.5,176.0,S,11.8,0,0
2019-05-09 00:54,9.0,178.0,S,10.9,0,0
2019-05-09 01:00,9.0,177.0,S,10.9,0,0
2019-05-09 01:06,8.9,178.0,S,10.9,0,0
2019-05-09 01:12,8.9,176.0,S,10.3,0,0
2019-05-09 01:18,8.7,175.0,S,10.9,0,0
2019-05-09 01:24,9.1,178.0,S,10.5,0,0
2019-05-09 01:30,9.7,176.0,S,12.1,0,0
2019-05-09 01:36,8.9,174.0,S,11.3,0,0
2019-05-09 01:42,9.3,171.0,S,10.8,0,0
2019-05-09 01:48,8.5,175.0,S,10.9,0,0
2019-05-09 01:54,9.4,172.0,S,10.4,0,0
2019-05-09 02:00,8.4,171.0,S,11.2,0,0
2019-05-09 02:06,9.1,172.0,S,11.6,0,0
2019-05-09 02:12,9.0,170.0,S,10.9,0,0
2019-05-09 02:18,9.6,173.0,S,11.7,0,0
2019-05-09 02:24,10.4,172.0,S,11.7,0,0
2019-05-09 02:30,9.9,173.0,S,12.7,0,0
2019-05-09 02:36,10.1,174.0,S,12.0,0,0
2019-05-09 02:42,10.0,174.0,S,11.6,0,0
2019-05-09 02:48,8.7,175.0,S,11.8,0,0
2019-05-09 02:54,9.5,176.0,S,11.4,0,0
2019-05-09 03:00,9.1,175.0,S,11.5,0,0
2019-05-09 03:06,9.2,178.0,S,11.1,0,0
2019-05-09 03:12,8.6,175.0,S,11.0,0,0
2019-05-09 03:18,9.0,172.0,S,10.1,0,0
2019-05-09 03:24,9.2,175.0,S,11.0,0,0
2019-05-09 03:30,9.5,178.0,S,12.1,0,0
2019-05-09 03:36,8.9,179.0,S,10.7,0,0
2019-05-09 03:42,10.1,175.0,S,11.5,0,0
2019-05-09 03:48,10.1,177.0,S,11.6,0,0
2019-05-09 03:54,9.9,176.0,S,12.2,0,0
2019-05-09 04:00,10.4,176.0,S,12.1,0,0
2019-05-09 04:06,10.2,177.0,S,12.3,0,0
2019-05-09 04:12,9.2,178.0,S,11.8,0,0
2019-05-09 04:18,9.8,179.0,S,12.7,0,0
2019-05-09 04:24,10.6,178.0,S,12.8,0,0
2019-05-09 04:30,10.1,179.0,S,12.8,0,0
2019-05-09 04:36,10.5,180.0,S,12.4,0,0
2019-05-09 04:42,10.5,180.0,S,12.1,0,0
2019-05-09 04:48,9.2,181.0,S,12.0,0,0
2019-05-09 04:54,10.0,181.0,S,12.3,0,0
2019-05-09 05:00,9.4,181.0,S,11.0,0,0
2019-05-09 05:06,11.5,181.0,S,13.0,0,0
2019-05-09 05:12,9.5,182.0,S,12.0,0,0
2019-05-09 05:18,11.2,182.0,S,12.7,0,0
2019-05-09 05:24,9.6,182.0,S,13.3,0,0
2019-05-09 05:30,10.8,181.0,S,12.5,0,0
2019-05-09 05:36,11.0,180.0,S,12.9,0,0
2019-05-09 05:42,9.6,182.0,S,12.3,0,0
2019-05-09 05:48,10.1,181.0,S,11.5,0,0
2019-05-09 05:54,10.1,182.0,S,12.1,0,0
2019-05-09 06:00,9.8,185.0,S,12.5,0,0
2019-05-09 06:06,10.0,186.0,S,12.3,0,0
2019-05-09 06:12,10.2,185.0,S,12.7,0,0
2019-05-09 06:18,9.0,187.0,S,11.1,0,0
2019-05-09 06:24,11.1,188.0,S,13.8,0,0
2019-05-09 06:30,9.8,186.0,S,11.3,0,0
2019-05-09 06:36,9.2,188.0,S,11.9,0,0
2019-05-09 06:42,9.7,185.0,S,11.8,0,0
2019-05-09 06:48,10.3,184.0,S,12.7,0,0
2019-05-09 06:54,11.2,187.0,S,13.5,0,0
2019-05-09 07:00,9.6,187.0,S,13.4,0,0
2019-05-09 07:06,10.2,186.0,S,12.8,0,0
2019-05-09 07:12,10.7,188.0,S,12.8,0,0
2019-05-09 07:18,8.8,190.0,S,12.2,0,0
2019-05-09 07:24,8.0,193.0,SSW,10.1,0,0
2019-05-09 07:30,8.5,190.0,S,10.9,0,0
2019-05-09 07:36,7.9,193.0,SSW,9.6,0,0
2019-05-09 07:42,9.2,193.0,SSW,12.1,0,0
2019-05-09 07:48,9.0,197.0,SSW,12.5,0,0
2019-05-09 07:54,9.9,189.0,S,12.1,0,0
2019-05-09 08:00,8.8,192.0,SSW,11.5,0,0
2019-05-09 08:06,8.5,195.0,SSW,10.1,0,0
2019-05-09 08:12,8.8,195.0,SSW,10.4,0,0
2019-05-09 08:18,9.1,196.0,SSW,10.6,0,0
2019-05-09 08:24,8.6,195.0,SSW,10.6,0,0
2019-05-09 08:30,8.4,193.0,SSW,10.1,0,0
2019-05-09 08:36,8.8,191.0,S,9.9,0,0
2019-05-09 08:42,8.3,193.0,SSW,9.9,0,0
2019-05-09 08:48,9.0,195.0,SSW,10.3,0,0
2019-05-09 08:54,8.7,195.0,SSW,10.0,0,0
2019-05-09 09:00,8.4,198.0,SSW,10.1,0,0
2019-05-09 09:06,8.6,193.0,SSW,10.0,0,0
2019-05-09 09:12,8.2,194.0,SSW,10.2,0,0
2019-05-09 09:18,9.4,194.0,SSW,10.9,0,0
2019-05-09 09:24,8.5,195.0,SSW,10.0,0,0
2019-05-09 09:30,8.0,196.0,SSW,9.7,0,0
2019-05-09 09:36,8.0,198.0,SSW,9.4,0,0
2019-05-09 09:42,8.0,196.0,SSW,9.2,0,0
2019-05-09 09:48,8.6,196.0,SSW,10.6,0,0
2019-05-09 09:54,7.5,200.0,SSW,9.2,0,0
2019-05-09 10:00,7.1,202.0,SSW,7.9,0,0
2019-05-09 10:06,6.9,201.0,SSW,8.2,0,0
2019-05-09 10:12,7.0,202.0,SSW,8.3,0,0
2019-05-09 10:18,6.4,200.0,SSW,7.7,0,0
2019-05-09 10:24,7.5,205.0,SSW,8.8,0,0
2019-05-09 10:30,6.7,208.0,SSW,8.4,0,0
2019-05-09 10:36,7.1,207.0,SSW,8.0,0,0
2019-05-09 10:42,6.4,210.0,SSW,8.0,0,0
2019-05-09 10:48,6.5,218.0,SW,7.6,0,0
2019-05-09 10:54,6.0,216.0,SW,7.2,0,0
2019-05-09 11:00,6.4,211.0,SSW,7.3,0,0
2019-05-09 11:06,5.5,204.0,SSW,7.5,0,0
2019-05-09 11:12,5.5,202.0,SSW,6.3,0,0
2019-05-09 11:18,5.0,207.0,SSW,5.8,0,0
2019-05-09 11:24,6.5,218.0,SW,7.7,0,0
2019-05-09 11:30,5.9,214.0,SW,7.0,0,0
2019-05-09 11:36,5.7,215.0,SW,6.7,0,0
2019-05-09 11:42,5.7,213.0,SSW,6.6,0,0
2019-05-09 11:48,5.5,215.0,SW,6.7,0,0
2019-05-09 11:54,5.6,222.0,SW,6.7,0,0
2019-05-09 12:00,5.1,221.0,SW,6.4,0,0
2019-05-09 12:06,4.1,216.0,SW,5.5,0,0
2019-05-09 12:12,4.6,206.0,SSW,5.4,0,0
2019-05-09 12:18,4.6,208.0,SSW,5.8,0,0
2019-05-09 12:24,4.9,205.0,SSW,5.8,0,0
2019-05-09 12:30,4.4,198.0,SSW,5.3,0,0
2019-05-09 12:36,4.2,201.0,SSW,5.3,0,0
2019-05-09 12:42,5.1,203.0,SSW,5.9,0,0
2019-05-09 12:48,3.6,200.0,SSW,5.8,0,0
2019-05-09 12:54,2.9,196.0,SSW,3.9,0,0
2019-05-09 13:00,3.4,190.0,S,3.8,0,0
2019-05-09 13:06,2.9,185.0,S,4.0,0,0
2019-05-09 13:12,3.0,180.0,S,3.6,0,0
2019-05-09 13:18,3.2,161.0,SSE,3.6,0,0
2019-05-09 13:24,4.1,159.0,SSE,4.4,0,0
2019-05-09 13:30,4.7,162.0,SSE,5.2,0,0
2019-05-09 13:36,4.9,166.0,SSE,5.4,0,0
2019-05-09 13:42,5.7,167.0,SSE,6.3,0,0
2019-05-09 13:48,6.1,168.0,SSE,6.7,0,0
2019-05-09 13:54,5.5,167.0,SSE,6.0,0,0
2019-05-09 14:00,5.4,165.0,SSE,6.4,0,0
2019-05-09 14:06,4.6,166.0,SSE,6.6,0,0
2019-05-09 14:12,5.1,167.0,SSE,6.3,0,0
2019-05-09 14:18,5.7,164.0,SSE,6.3,0,0
2019-05-09 14:24,6.2,165.0,SSE,6.9,0,0
2019-05-09 14:30,5.9,170.0,S,6.7,0,0
2019-05-09 14:36,5.8,174.0,S,6.6,0,0
2019-05-09 14:42,6.0,173.0,S,6.7,0,0
2019-05-09 14:48,5.9,177.0,S,7.0,0,0
2019-05-09 14:54,5.9,174.0,S,7.0,0,0
2019-05-09 15:00,6.5,169.0,S,7.0,0,0
2019-05-09 15:06,6.1,168.0,SSE,6.8,0,0
2019-05-09 15:12,6.2,166.0,SSE,7.7,0,0
2019-05-09 15:18,6.7,163.0,SSE,7.2,0,0
2019-05-09 15:24,5.8,164.0,SSE,7.0,0,0
2019-05-09 15:30,5.4,169.0,S,6.5,0,0
2019-05-09 15:36,5.0,165.0,SSE,6.5,0,0
2019-05-09 15:42,4.8,167.0,SSE,5.5,0,0
2019-05-09 15:48,4.7,164.0,SSE,6.4,0,0
2019-05-09 15:54,4.8,160.0,SSE,5.5,0,0
2019-05-09 16:00,5.1,158.0,SSE,5.9,0,0
2019-05-09 16:06,5.2,160.0,SSE,5.8,0,0
2019-05-09 16:12,5.0,160.0,SSE,5.7,0,0
2019-05-09 16:18,5.0,161.0,SSE,5.9,0,0
2019-05-09 16:24,4.6,163.0,SSE,5.5,0,0
2019-05-09 16:30,4.6,164.0,SSE,5.3,0,0
2019-05-09 16:36,5.0,162.0,SSE,5.6,0,0
2019-05-09 16:42,4.8,163.0,SSE,5.4,0,0
2019-05-09 16:48,4.3,159.0,SSE,5.2,0,0
2019-05-09 16:54,3.9,156.0,SSE,4.7,0,0
2019-05-09 17:00,4.2,155.0,SSE,4.9,0,0
2019-05-09 17:06,4.3,155.0,SSE,5.1,0,0
2019-05-09 17:12,3.8,156.0,SSE,4.8,0,0
2019-05-09 17:18,3.8,156.0,SSE,4.6,0,0
2019-05-09 17:24,3.7,162.0,SSE,4.7,0,0
2019-05-09 17:30,3.5,159.0,SSE,4.3,0,0
2019-05-09 17:36,3.5,151.0,SSE,4.4,0,0
2019-05-09 17:42,4.1,161.0,SSE,5.1,0,0
2019-05-09 17:48,3.8,155.0,SSE,5.4,0,0
2019-05-09 17:54,4.3,144.0,SE,5.0,0,0
2019-05-09 18:00,4.5,147.0,SSE,5.5,0,0
2019-05-09 18:06,4.5,142.0,SE,5.3,0,0
2019-05-09 18:12,4.7,142.0,SE,5.3,0,0
2019-05-09 18:18,4.6,143.0,SE,5.5,0,0
2019-05-09 18:24,4.5,146.0,SE,5.8,0,0
2019-05-09 18:30,4.9,144.0,SE,6.0,0,0
2019-05-09 18:36,5.2,148.0,SSE,7.0,0,0
2019-05-09 18:42,5.1,148.0,SSE,6.2,0,0
2019-05-09 18:48,5.3,147.0,SSE,5.8,0,0
2019-05-09 18:54,4.9,151.0,SSE,5.6,0,0
2019-05-09 19:00,4.6,144.0,SE,5.1,0,0
2019-05-09 19:06,5.1,149.0,SSE,5.7,0,0
2019-05-09 19:12,5.4,155.0,SSE,6.2,0,0
2019-05-09 19:18,5.4,158.0,SSE,6.3,0,0
2019-05-09 19:24,5.2,153.0,SSE,5.8,0,0
2019-05-09 19:30,4.7,147.0,SSE,5.7,0,0
2019-05-09 19:36,4.8,139.0,SE,5.2,0,0
2019-05-09 19:42,4.3,127.0,SE,5.1,0,0
2019-05-09 19:48,4.5,130.0,SE,5.0,0,0
2019-05-09 19:54,4.6,131.0,SE,5.2,0,0
2019-05-09 20:00,4.6,134.0,SE,5.1,0,0
2019-05-09 20:06,5.0,137.0,SE,5.5,0,0
2019-05-09 20:12,5.0,139.0,SE,5.6,0,0
2019-05-09 20:18,5.1,139.0,SE,5.8,0,0
2019-05-09 20:24,4.5,139.0,SE,5.6,0,0
2019-05-09 20:30,4.9,136.0,SE,5.6,0,0
2019-05-09 20:36,5.1,144.0,SE,5.8,0,0
2019-05-09 20:42,5.7,143.0,SE,6.2,0,0
2019-05-09 20:48,5.6,149.0,SSE,6.2,0,0
2019-05-09 20:54,4.7,140.0,SE,6.5,0,0
2019-05-09 21:00,5.4,137.0,SE,6.3,0,0
2019-05-09 21:06,5.5,138.0,SE,6.2,0,0
2019-05-09 21:12,5.4,136.0,SE,5.9,0,0
2019-05-09 21:18,5.2,142.0,SE,6.1,0,0
2019-05-09 21:24,5.0,143.0,SE,6.1,0,0
2019-05-09 21:30,4.9,141.0,SE,6.0,0,0
2019-05-09 21:36,5.3,148.0,SSE,6.0,0,0
2019-05-09 21:42,5.5,150.0,SSE,5.9,0,0
2019-05-09 21:48,5.3,152.0,SSE,5.9,0,0
2019-05-09 21:54,5.6,149.0,SSE,6.3,0,0
2019-05-09 22:00,6.4,148.0,SSE,6.9,0,0
2019-05-09 22:06,6.5,145.0,SE,7.3,0,0
2019-05-09 22:12,6.6,141.0,SE,7.3,0,0
2019-05-09 22:18,6.5,142.0,SE,7.6,0,0
2019-05-09 22:24,6.4,141.0,SE,7.4,0,0
2019-05-09 22:30,6.7,141.0,SE,8.1,0,0
2019-05-09 22:36,6.7,138.0,SE,7.6,0,0
2019-05-09 22:42,6.5,136.0,SE,7.7,0,0
2019-05-09 22:48,6.6,135.0,SE,7.8,0,0
2019-05-09 22:54,6.1,135.0,SE,7.0,0,0
2019-05-09 23:00,6.4,137.0,SE,7.1,0,0
2019-05-09 23:06,5.9,136.0,SE,6.8,0,0
2019-05-09 23:12,5.8,137.0,SE,7.0,0,0
2019-05-09 23:18,5.4,135.0,SE,7.1,0,0
2019-05-09 23:24,6.1,131.0,SE,7.0,0,0
2019-05-09 23:30,6.9,128.0,SE,7.5,0,0
2019-05-09 23:36,6.8,127.0,SE,7.6,0,0
2019-05-09 23:42,6.8,129.0,SE,8.2,0,0
2019-05-09 23:48,6.9,128.0,SE,8.2,0,0
2019-05-09 23:54,7.8,125.0,SE,8.5,0,0
2019-05-10 00:00,8.0,131.0,SE,9.4,0,0
2019-05-10 00:06,8.2,126.0,SE,9.4,0,0
2019-05-10 00:12,7.8,126.0,SE,8.9,0,0
2019-05-10 00:18,9.0,121.0,ESE,10.0,0,0
2019-05-10 00:24,8.1,124.0,SE,8.8,0,0
2019-05-10 00:30,8.2,120.0,ESE,9.1,0,0
2019-05-10 00:36,7.9,116.0,ESE,8.8,0,0
2019-05-10 00:42,8.9,121.0,ESE,10.2,0,0
2019-05-10 00:48,9.3,123.0,ESE,10.6,0,0
2019-05-10 00:54,10.2,121.0,ESE,11.4,0,0
2019-05-10 01:00,10.8,109.0,ESE,12.7,0,0
2019-05-10 01:06,10.8,104.0,ESE,13.8,0,0
2019-05-10 01:12,10.7,106.0,ESE,12.4,0,0
2019-05-10 01:18,10.4,110.0,ESE,13.1,0,0
2019-05-10 01:24,11.1,112.0,ESE,12.7,0,0
2019-05-10 01:30,9.4,111.0,ESE,11.9,0,0
2019-05-10 01:36,10.6,113.0,ESE,13.2,0,0
2019-05-10 01:42,10.4,114.0,ESE,12.6,0,0
2019-05-10 01:48,9.9,117.0,ESE,12.1,0,0
2019-05-10 01:54,9.9,118.0,ESE,12.5,0,0
2019-05-10 02:00,9.2,117.0,ESE,12.0,0,0
2019-05-10 02:06,10.8,113.0,ESE,12.4,0,0
2019-05-10 02:12,10.7,118.0,ESE,12.1,0,0
2019-05-10 02:18,11.3,114.0,ESE,12.9,0,0
2019-05-10 02:24,10.8,116.0,ESE,12.9,0,0
2019-05-10 02:30,11.0,116.0,ESE,12.7,0,0
2019-05-10 02:36,11.3,120.0,ESE,13.4,0,0
2019-05-10 02:42,12.2,120.0,ESE,14.2,0,0
2019-05-10 02:48,12.4,126.0,SE,14.2,0,0
2019-05-10 02:54,11.4,121.0,ESE,13.2,0,0
2019-05-10 03:00,11.2,124.0,SE,13.3,0,0
2019-05-10 03:06,11.8,119.0,ESE,13.8,0,0
2019-05-10 03:12,11.3,120.0,ESE,13.5,0,0
2019-05-10 03:18,12.2,122.0,ESE,14.1,0,0
2019-05-10 03:24,13.3,131.0,SE,15.3,0,0
2019-05-10 03:30,11.3,134.0,SE,15.3,0,0
2019-05-10 03:36,12.3,137.0,SE,14.8,0,0
2019-05-10 03:42,11.9,140.0,SE,13.6,0,0
2019-05-10 03:48,12.5,143.0,SE,14.8,0,0
2019-05-10 03:54,10.9,132.0,SE,13.4,0,0
2019-05-10 04:00,10.3,132.0,SE,13.0,0,0
2019-05-10 04:06,9.4,123.0,ESE,11.9,0,0
2019-05-10 04:12,9.4,32.0,NNE,13.1,0,0
2019-05-10 04:18,5.7,18.0,NNE,9.6,0,0
2019-05-10 04:24,5.2,337.0,NNW,8.2,0,0
2019-05-10 04:30,7.0,352.0,N,12.5,0,0
2019-05-10 04:36,7.3,336.0,NNW,9.7,0,0
2019-05-10 04:42,7.7,20.0,NNE,10.1,0,0
2019-05-10 04:48,9.3,20.0,NNE,12.7,0,0
2019-05-10 04:54,6.8,10.0,N,11.2,0,0
2019-05-10 05:00,9.4,40.0,NE,12.4,0,0
2019-05-10 05:06,7.4,44.0,NE,14.2,0,0
2019-05-10 05:12,9.2,50.0,NE,10.9,0,0
2019-05-10 05:18,10.4,53.0,NE,13.9,0,0
2019-05-10 05:24,9.6,60.0,ENE,13.7,0,0
2019-05-10 05:30,8.2,36.0,NE,11.9,0,0
2019-05-10 05:36,11.2,53.0,NE,13.2,0,0
2019-05-10 05:42,13.1,53.0,NE,16.1,0,0
2019-05-10 05:48,13.9,53.0,NE,15.6,0,0
2019-05-10 05:54,14.8,66.0,ENE,18.0,0,0
2019-05-10 06:00,12.7,76.0,ENE,18.0,0,0
2019-05-10 06:06,13.6,66.0,ENE,15.4,0,0
2019-05-10 06:12,13.4,65.0,ENE,15.4,0,0
2019-05-10 06:18,14.7,61.0,ENE,16.9,0,0
2019-05-10 06:24,12.9,65.0,ENE,17.3,0,0
2019-05-10 06:30,12.9,62.0,ENE,15.2,0,0
2019-05-10 06:36,15.2,65.0,ENE,17.8,0,0
2019-05-10 06:42,13.4,68.0,ENE,17.9,0,0
2019-05-10 06:48,10.9,69.0,ENE,15.1,0,0
2019-05-10 06:54,10.2,72.0,ENE,12.9,0,0
2019-05-10 07:00,8.1,86.0,E,10.7,0,0
2019-05-10 07:06,10.1,80.0,E,12.3,0,0
2019-05-10 07:12,9.5,72.0,ENE,11.7,0,0
2019-05-10 07:18,9.6,73.0,ENE,10.9,0,0
2019-05-10 07:24,7.6,70.0,ENE,11.0,0,0
2019-05-10 07:30,9.1,67.0,ENE,11.1,0,0
2019-05-10 07:36,9.7,60.0,ENE,11.8,0,0
2019-05-10 07:42,9.8,66.0,ENE,10.7,0,0
2019-05-10 07:48,9.4,77.0,ENE,12.2,0,0
2019-05-10 07:54,9.7,82.0,E,11.6,0,0
2019-05-10 08:00,10.1,78.0,ENE,11.4,0,0
2019-05-10 08:06,9.2,83.0,E,12.3,0,0
2019-05-10 08:12,9.5,85.0,E,12.1,0,0
2019-05-10 08:18,10.0,88.0,E,11.3,0,0
2019-05-10 08:24,10.5,89.0,E,11.8,0,0
2019-05-10 08:30,10.4,89.0,E,12.0,0,0
2019-05-10 08:36,11.0,89.0,E,13.7,0,0
2019-05-10 08:42,12.1,89.0,E,13.7,0,0
2019-05-10 08:48,12.2,87.0,E,15.0,0,0
2019-05-10 08:54,12.7,86.0,E,15.3,0,0
2019-05-10 09:00,12.3,88.0,E,14.8,0,0
2019-05-10 09:06,13.0,93.0,E,15.2,0,0
2019-05-10 09:12,12.1,94.0,E,15.4,0,0
2019-05-10 09:18,14.4,98.0,E,16.6,0,0
2019-05-10 09:24,13.8,98.0,E,16.4,0,0
2019-05-10 09:30,13.1,94.0,E,15.7,0,0
2019-05-10 09:36,12.9,98.0,E,15.1,0,0
2019-05-10 09:42,13.4,95.0,E,15.3,0,0
2019-05-10 09:48,,,,,1,1
2019-05-10 09:54,13.2,95.0,E,16.5,0,0
2019-05-10 10:00,14.6,103.0,ESE,16.5,0,0
2019-05-10 10:06,14.8,105.0,ESE,16.8,0,0
2019-05-10 10:12,14.4,108.0,ESE,16.7,0,0
2019-05-10 10:18,14.3,105.0,ESE,16.7,0,0
2019-05-10 10:24,12.3,105.0,ESE,16.2,0,0
2019-05-10 10:30,13.0,99.0,E,15.2,0,0
2019-05-10 10:36,12.0,93.0,E,15.3,0,0
2019-05-10 10:42,11.2,92.0,E,14.8,0,0
2019-05-10 10:48,11.1,93.0,E,14.8,0,0
2019-05-10 10:54,11.1,92.0,E,13.9,0,0
2019-05-10 11:00,13.2,101.0,E,14.8,0,0
2019-05-10 11:06,13.7,102.0,ESE,15.5,0,0
2019-05-10 11:12,13.1,99.0,E,15.1,0,0
2019-05-10 11:18,12.9,101.0,E,15.0,0,0
2019-05-10 11:24,12.4,107.0,ESE,14.6,0,0
2019-05-10 11:30,13.5,112.0,ESE,14.9,0,0
2019-05-10 11:36,13.3,113.0,ESE,15.8,0,0
2019-05-10 11:42,12.2,116.0,ESE,15.9,0,0
2019-05-10 11:48,11.5,111.0,ESE,13.5,0,0
2019-05-10 11:54,7.1,96.0,E,12.8,0,0
2019-05-10 12:00,6.6,84.0,E,8.3,0,0
2019-05-10 12:06,9.8,74.0,ENE,10.9,0,0
2019-05-10 12:12,7.7,86.0,E,11.3,0,0
2019-05-10 12:18,8.2,91.0,E,10.4,0,0
2019-05-10 12:24,7.1,87.0,E,10.1,0,0
2019-05-10 12:30,7.4,85.0,E,8.6,0,0
2019-05-10 12:36,7.9,97.0,E,8.9,0,0
2019-05-10 12:42,6.5,88.0,E,7.9,0,0
2019-05-10 12:48,5.6,79.0,E,7.6,0,0
2019-05-10 12:54,5.3,61.0,ENE,6.2,0,0
2019-05-10 13:00,5.6,72.0,ENE,6.1,0,0
2019-05-10 13:06,3.6,85.0,E,5.8,0,0
2019-05-10 13:12,3.9,97.0,E,4.3,0,0
2019-05-10 13:18,4.0,108.0,ESE,4.5,0,0
2019-05-10 13:24,3.7,115.0,ESE,5.2,0,0
2019-05-10 13:30,3.9,122.0,ESE,4.6,0,0
2019-05-10 13:36,7.0,160.0,SSE,7.9,0,0
2019-05-10 13:42,8.1,165.0,SSE,9.2,0,0
2019-05-10 13:48,9.8,174.0,S,10.3,0,0
2019-05-10 13:54,9.2,178.0,S,10.6,0,0
2019-05-10 14:00,10.4,165.0,SSE,12.5,0,0
2019-05-10 14:06,11.8,154.0,SSE,13.1,0,0
2019-05-10 14:12,12.3,155.0,SSE,14.1,0,0
2019-05-10 14:18,10.8,152.0,SSE,13.3,0,0
2019-05-10 14:24,10.4,157.0,SSE,11.9,0,0
2019-05-10 14:30,9.4,157.0,SSE,11.7,0,0
2019-05-10 14:36,8.3,157.0,SSE,10.4,0,0
2019-05-10 14:42,7.1,161.0,SSE,8.6,0,0
2019-05-10 14:48,4.5,165.0,SSE,7.0,0,0
2019-05-10 14:54,4.7,162.0,SSE,5.6,0,0
2019-05-10 15:00,2.7,180.0,S,5.2,0,0
2019-05-10 15:06,1.1,276.0,W,2.4,0,0
2019-05-10 15:12,0.3,281.0,W,1.3,0,0
2019-05-10 15:18,0.3,47.0,NE,0.8,0,0
2019-05-10 15:24,0.6,336.0,NNW,1.9,0,0
2019-05-10 15:30,1.7,12.0,NNE,2.2,0,0
2019-05-10 15:36,1.9,2.0,N,2.3,0,0
2019-05-10 15:42,1.6,36.0,NE,2.3,0,0
2019-05-10 15:48,3.1,356.0,N,4.8,0,0
2019-05-10 15:54,2.6,354.0,N,4.8,0,0
2019-05-10 16:00,3.1,351.0,N,4.6,0,0
2019-05-10 16:06,2.7,349.0,N,4.6,0,0
2019-05-10 16:12,2.5,353.0,N,3.5,0,0
2019-05-10 16:18,3.8,357.0,N,5.8,0,0
2019-05-10 16:24,3.6,2.0,N,4.7,0,0
2019-05-10 16:30,4.6,7.0,N,5.8,0,0
2019-05-10 16:36,3.8,27.0,NNE,5.3,0,0
2019-05-10 16:42,4.0,36.0,NE,5.2,0,0
2019-05-10 16:48,3.5,26.0,NNE,5.3,0,0
2019-05-10 16:54,3.7,25.0,NNE,4.8,0,0
2019-05-10 17:00,3.8,21.0,NNE,5.2,0,0
2019-05-10 17:06,3.6,25.0,NNE,5.0,0,0
2019-05-10 17:12,4.3,44.0,NE,5.9,0,0
2019-05-10 17:18,5.6,56.0,NE,6.1,0,0
2019-05-10 17:24,5.3,62.0,ENE,6.0,0,0
2019-05-10 17:30,4.9,57.0,ENE,6.1,0,0
2019-05-10 17:36,5.9,65.0,ENE,6.5,0,0
2019-05-10 17:42,5.5,58.0,ENE,6.9,0,0
2019-05-10 17:48,5.0,46.0,NE,6.5,0,0
2019-05-10 17:54,4.0,27.0,NNE,4.9,0,0
2019-05-10 18:00,3.9,40.0,NE,5.2,0,0
2019-05-10 18:06,3.9,37.0,NE,5.2,0,0
2019-05-10 18:12,5.1,55.0,NE,5.7,0,0
2019-05-10 18:18,5.1,49.0,NE,6.5,0,0
2019-05-10 18:24,5.0,55.0,NE,6.1,0,0
2019-05-10 18:30,4.4,40.0,NE,6.1,0,0
2019-05-10 18:36,4.1,47.0,NE,4.7,0,0
2019-05-10 18:42,5.2,56.0,NE,6.2,0,0
2019-05-10 18:48,4.9,56.0,NE,5.7,0,0
2019-05-10 18:54,5.5,65.0,ENE,6.2,0,0
2019-05-10 19:00,5.5,71.0,ENE,6.9,0,0
2019-05-10 19:06,5.1,66.0,ENE,6.4,0,0
2019-05-10 19:12,5.6,69.0,ENE,6.8,0,0
2019-05-10 19:18,6.3,73.0,ENE,7.5,0,0
2019-05-10 19:24,6.3,76.0,ENE,7.5,0,0
2019-05-10 19:30,6.3,68.0,ENE,7.0,0,0
2019-05-10 19:36,5.9,70.0,ENE,7.0,0,0
2019-05-10 19:42,6.2,73.0,ENE,7.1,0,0
2019-05-10 19:48,5.5,86.0,E,6.9,0,0
2019-05-10 19:54,5.2,82.0,E,6.3,0,0
2019-05-10 20:00,6.4,81.0,E,7.6,0,0
2019-05-10 20:06,6.1,87.0,E,7.7,0,0
2019-05-10 20:12,6.7,93.0,E,8.0,0,0
2019-05-10 20:18,6.9,92.0,E,8.1,0,0
2019-05-10 20:24,7.3,87.0,E,8.8,0,0
2019-05-10 20:30,6.3,85.0,E,7.8,0,0
2019-05-10 20:36,6.4,90.0,E,7.5,0,0
2019-05-10 20:42,7.1,85.0,E,8.9,0,0
2019-05-10 20:48,7.1,93.0,E,8.2,0,0
2019-05-10 20:54,5.9,89.0,E,8.1,0,0
2019-05-10 21:00,7.2,88.0,E,8.3,0,0
2019-05-10 21:06,6.7,87.0,E,8.4,0,0
2019-05-10 21:12,6.9,90.0,E,8.4,0,0
2019-05-10 21:18,7.4,95.0,E,8.8,0,0
2019-05-10 21:24,6.4,89.0,E,8.4,0,0
2019-05-10 21:30,6.3,90.0,E,7.8,0,0
2019-05-10 21:36,7.0,90.0,E,8.0,0,0
2019-05-10 21:42,7.5,80.0,E,8.9,0,0
2019-05-10 21:48,6.7,87.0,E,8.3,0,0
2019-05-10 21:54,7.1,80.0,E,8.2,0,0
2019-05-10 22:00,6.4,90.0,E,6.9,0,0
2019-05-10 22:06,7.3,82.0,E,8.0,0,0
2019-05-10 22:12,6.4,83.0,E,7.8,0,0
2019-05-10 22:18,6.9,79.0,E,8.2,0,0
2019-05-10 22:24,7.2,78.0,ENE,8.2,0,0
2019-05-10 22:30,7.3,73.0,ENE,8.0,0,0
2019-05-10 22:36,6.9,78.0,ENE,7.9,0,0
2019-05-10 22:42,6.3,80.0,E,7.4,0,0
2019-05-10 22:48,6.2,75.0,ENE,7.5,0,0
2019-05-10 22:54,6.4,73.0,ENE,7.2,0,0
2019-05-10 23:00,6.2,71.0,ENE,7.2,0,0
2019-05-10 23:06,6.4,64.0,ENE,7.3,0,0
2019-05-10 23:12,6.7,64.0,ENE,7.4,0,0
2019-05-10 23:18,6.9,64.0,ENE,7.9,0,0
2019-05-10 23:24,6.7,65.0,ENE,7.9,0,0
2019-05-10 23:30,7.0,65.0,ENE,8.0,0,0
2019-05-10 23:36,6.8,65.0,ENE,8.1,0,0
2019-05-10 23:42,6.7,68.0,ENE,7.4,0,0
2019-05-10 23:48,6.5,71.0,ENE,7.3,0,0
2019-05-10 23:54,6.3,69.0,ENE,7.8,0,0
2019-05-11 00:00,6.1,63.0,ENE,6.9,0,0
2019-05-11 00:06,5.9,65.0,ENE,6.9,0,0
2019-05-11 00:12,6.3,65.0,ENE,7.3,0,0
2019-05-11 00:18,6.0,70.0,ENE,7.3,0,0
2019-05-11 00:24,5.5,69.0,ENE,6.1,0,0
2019-05-11 00:30,5.3,67.0,ENE,6.1,0,0
2019-05-11 00:36,5.2,67.0,ENE,5.9,0,0
2019-05-11 00:42,4.7,77.0,ENE,5.9,0,0
2019-05-11 00:48,4.7,68.0,ENE,5.3,0,0
2019-05-11 00:54,4.5,72.0,ENE,5.2,0,0
2019-05-11 01:00,4.4,81.0,E,5.2,0,0
2019-05-11 01:06,3.3,84.0,E,5.0,0,0
2019-05-11 01:12,3.6,85.0,E,4.4,0,0
2019-05-11 01:18,3.5,82.0,E,4.1,0,0
2019-05-11 01:24,3.3,75.0,ENE,4.1,0,0
2019-05-11 01:30,3.4,80.0,E,4.3,0,0
2019-05-11 01:36,2.9,84.0,E,3.5,0,0
2019-05-11 01:42,2.9,84.0,E,3.4,0,0
2019-05-11 01:48,3.2,95.0,E,3.6,0,0
2019-05-11 01:54,3.3,92.0,E,3.9,0,0
2019-05-11 02:00,3.5,90.0,E,3.9,0,0
2019-05-11 02:06,4.1,86.0,E,4.7,0,0
2019-05-11 02:12,4.2,85.0,E,4.8,0,0
2019-05-11 02:18,3.6,86.0,E,4.5,0,0
2019-05-11 02:24,3.6,87.0,E,4.4,0,0
2019-05-11 02:30,3.6,76.0,ENE,4.3,0,0
2019-05-11 02:36,3.6,81.0,E,4.5,0,0
2019-05-11 02:42,3.2,89.0,E,4.1,0,0
2019-05-11 02:48,3.6,97.0,E,4.1,0,0
2019-05-11 02:54,3.8,99.0,E,4.3,0,0
2019-05-11 03:00,3.6,95.0,E,4.5,0,0
2019-05-11 03:06,3.5,96.0,E,4.2,0,0
2019-05-11 03:12,3.3,94.0,E,4.1,0,0
2019-05-11 03:18,3.1,94.0,E,4.0,0,0
2019-05-11 03:24,3.0,86.0,E,3.5,0,0
2019-05-11 03:30,3.1,87.0,E,3.5,0,0
2019-05-11 03:36,3.0,83.0,E,3.8,0,0
2019-05-11 03:42,2.8,80.0,E,3.3,0,0
2019-05-11 03:48,2.7,80.0,E,3.2,0,0
2019-05-11 03:54,2.9,81.0,E,3.5,0,0
2019-05-11 04:00,2.9,75.0,ENE,3.5,0,0
2019-05-11 04:06,3.0,71.0,ENE,3.5,0,0
2019-05-11 04:12,3.1,77.0,ENE,3.5,0,0
2019-05-11 04:18,3.1,70.0,ENE,3.4,0,0
2019-05-11 04:24,2.7,70.0,ENE,3.4,0,0
2019-05-11 04:30,2.7,38.0,NE,3.2,0,0
2019-05-11 04:36,2.4,26.0,NNE,3.0,0,0
2019-05-11 04:42,2.1,37.0,NE,2.8,0,0
2019-05-11 04:48,2.9,51.0,NE,3.5,0,0
2019-05-11 04:54,3.2,65.0,ENE,3.6,0,0
2019-05-11 05:00,3.3,57.0,ENE,3.7,0,0
2019-05-11 05:06,3.8,52.0,NE,4.2,0,0
2019-05-11 05:12,3.5,41.0,NE,4.5,0,0
2019-05-11 05:18,4.3,48.0,NE,5.7,0,0
2019-05-11 05:24,4.8,55.0,NE,5.4,0,0
2019-05-11 05:30,3.5,26.0,NNE,5.5,0,0
2019-05-11 05:36,3.5,36.0,NE,4.6,0,0
2019-05-11 05:42,3.5,39.0,NE,4.7,0,0
2019-05-11 05:48,3.7,34.0,NE,4.8,0,0
2019-05-11 05:54,3.9,37.0,NE,5.0,0,0
2019-05-11 06:00,4.1,47.0,NE,4.9,0,0
2019-05-11 06:06,4.6,54.0,NE,5.5,0,0
2019-05-11 06:12,5.2,53.0,NE,6.1,0,0
2019-05-11 06:18,5.2,57.0,ENE,6.3,0,0
2019-05-11 06:24,5.1,63.0,ENE,5.9,0,0
2019-05-11 06:30,5.5,66.0,ENE,6.5,0,0
2019-05-11 06:36,5.5,70.0,ENE,6.3,0,0
2019-05-11 06:42,5.2,79.0,E,6.3,0,0
2019-05-11 06:48,5.9,71.0,ENE,6.6,0,0
2019-05-11 06:54,6.3,78.0,ENE,7.2,0,0
2019-05-11 07:00,6.1,80.0,E,6.9,0,0
2019-05-11 07:06,6.3,83.0,E,7.6,0,0
2019-05-11 07:12,5.5,80.0,E,6.4,0,0
2019-05-11 07:18,5.6,83.0,E,6.5,0,0
2019-05-11 07:24,5.2,85.0,E,6.8,0,0
2019-05-11 07:30,5.3,81.0,E,6.8,0,0
2019-05-11 07:36,6.5,70.0,ENE,7.1,0,0
2019-05-11 07:42,6.0,70.0,ENE,7.7,0,0
2019-05-11 07:48,5.9,76.0,ENE,7.1,0,0
2019-05-11 07:54,5.5,72.0,ENE,6.5,0,0
2019-05-11 08:00,4.9,77.0,ENE,6.1,0,0
2019-05-11 08:06,4.7,81.0,E,6.0,0,0
2019-05-11 08:12,4.9,84.0,E,6.3,0,0
2019-05-11 08:18,4.7,81.0,E,5.6,0,0
2019-05-11 08:24,5.4,72.0,ENE,5.9,0,0
2019-05-11 08:30,5.2,72.0,ENE,6.0,0,0
2019-05-11 08:36,5.2,69.0,ENE,6.1,0,0
2019-05-11 08:42,5.0,70.0,ENE,5.9,0,0
2019-05-11 08:48,5.2,71.0,ENE,6.0,0,0
2019-05-11 08:54,5.0,71.0,ENE,6.0,0,0
2019-05-11 09:00,4.5,79.0,E,5.5,0,0
2019-05-11 09:06,5.0,84.0,E,5.7,0,0
2019-05-11 09:12,4.5,86.0,E,5.4,0,0
2019-05-11 09:18,4.8,83.0,E,5.4,0,0
2019-05-11 09:24,4.8,86.0,E,5.6,0,0
2019-05-11 09:30,4.8,80.0,E,5.8,0,0
2019-05-11 09:36,4.8,82.0,E,5.6,0,0
2019-05-11 09:42,4.6,82.0,E,5.2,0,0
2019-05-11 09:48,4.3,82.0,E,5.1,0,0
2019-05-11 09:54,4.7,79.0,E,5.2,0,0
2019-05-11 10:00,4.6,70.0,ENE,5.2,0,0
2019-05-11 10:06,4.6,59.0,ENE,5.3,0,0
2019-05-11 10:12,4.8,75.0,ENE,5.4,0,0
2019-05-11 10:18,4.1,92.0,E,5.3,0,0
2019-05-11 10:24,4.1,88.0,E,4.8,0,0
2019-05-11 10:30,3.7,85.0,E,4.5,0,0
2019-05-11 10:36,3.3,88.0,E,4.0,0,0
2019-05-11 10:42,3.7,97.0,E,4.4,0,0
2019-05-11 10:48,3.8,92.0,E,4.2,0,0
2019-05-11 10:54,3.5,93.0,E,4.3,0,0
2019-05-11 11:00,3.3,92.0,E,4.3,0,0
2019-05-11 11:06,3.6,94.0,E,4.1,0,0
2019-05-11 11:12,3.9,97.0,E,4.4,0,0
2019-05-11 11:18,3.8,103.0,ESE,4.4,0,0
2019-05-11 11:24,3.8,97.0,E,4.2,0,0
2019-05-11 11:30,3.7,92.0,E,4.5,0,0
2019-05-11 11:36,3.5,90.0,E,4.0,0,0
2019-05-11 11:42,3.3,90.0,E,3.8,0,0
2019-05-11 11:48,3.4,98.0,E,3.8,0,0
2019-05-11 11:54,3.5,104.0,ESE,4.0,0,0
2019-05-11 12:00,4.0,127.0,SE,4.6,0,0
2019-05-11 12:06,4.0,126.0,SE,4.9,0,0
2019-05-11 12:12,4.4,130.0,SE,4.9,0,0
2019-05-11 12:18,4.6,135.0,SE,4.9,0,0
2019-05-11 12:24,4.5,140.0,SE,5.2,0,0
2019-05-11 12:30,4.1,142.0,SE,4.8,0,0
2019-05-11 12:36,4.7,146.0,SE,5.1,0,0
2019-05-11 12:42,4.8,149.0,SSE,5.3,0,0
2019-05-11 12:48,4.3,149.0,SSE,5.2,0,0
2019-05-11 12:54,4.9,154.0,SSE,5.4,0,0
2019-05-11 13:00,4.9,161.0,SSE,5.4,0,0
2019-05-11 13:06,4.2,159.0,SSE,5.3,0,0
2019-05-11 13:12,4.4,163.0,SSE,5.0,0,0
2019-05-11 13:18,4.5,171.0,S,5.2,0,0
2019-05-11 13:24,3.7,169.0,S,5.3,0,0
2019-05-11 13:30,6.3,166.0,SSE,6.9,0,0
2019-05-11 13:36,4.7,169.0,S,6.4,0,0
2019-05-11 13:42,4.4,161.0,SSE,4.9,0,0
2019-05-11 13:48,3.9,157.0,SSE,5.0,0,0
2019-05-11 13:54,3.3,160.0,SSE,4.0,0,0
2019-05-11 14:00,1.8,163.0,SSE,3.3,0,0
2019-05-11 14:06,1.9,139.0,SE,2.1,0,0
2019-05-11 14:12,2.2,132.0,SE,3.0,0,0
2019-05-11 14:18,2.4,129.0,SE,2.8,0,0
2019-05-11 14:24,1.7,123.0,ESE,2.2,0,0
2019-05-11 14:30,2.2,109.0,ESE,2.6,0,0
2019-05-11 14:36,2.7,109.0,ESE,3.0,0,0
2019-05-11 14:42,2.1,118.0,ESE,3.0,0,0
2019-05-11 14:48,1.7,118.0,ESE,2.1,0,0
2019-05-11 14:54,2.3,119.0,ESE,2.5,0,0
2019-05-11 15:00,1.5,127.0,SE,2.4,0,0
2019-05-11 15:06,0.1,124.0,SE,1.6,0,0
2019-05-11 15:12,1.2,306.0,NW,1.4,0,0
2019-05-11 15:18,1.5,324.0,NW,2.3,0,0
2019-05-11 15:24,1.3,337.0,NNW,1.5,0,0
2019-05-11 15:30,1.5,301.0,WNW,1.9,0,0
2019-05-11 15:36,1.9,314.0,NW,2.5,0,0
2019-05-11 15:42,1.9,293.0,WNW,2.5,0,0
2019-05-11 15:48,1.9,311.0,NW,2.8,0,0
2019-05-11 15:54,1.9,350.0,N,2.9,0,0
2019-05-11 16:00,2.4,301.0,WNW,3.3,0,0
2019-05-11 16:06,2.2,328.0,NNW,3.6,0,0
2019-05-11 16:12,2.4,339.0,NNW,3.4,0,0
2019-05-11 16:18,2.9,327.0,NNW,4.4,0,0
2019-05-11 16:24,3.4,326.0,NW,5.1,0,0
2019-05-11 16:30,2.8,331.0,NNW,5.0,0,0
2019-05-11 16:36,2.5,333.0,NNW,3.8,0,0
2019-05-11 16:42,3.1,347.0,NNW,4.6,0,0
2019-05-11 16:48,4.1,360.0,N,5.3,0,0
2019-05-11 16:54,3.7,355.0,N,5.7,0,0
2019-05-11 17:00,3.1,9.0,N,5.4,0,0
2019-05-11 17:06,3.5,6.0,N,5.0,0,0
2019-05-11 17:12,3.4,13.0,NNE,4.5,0,0
2019-05-11 17:18,0.9,325.0,NW,4.3,0,0
2019-05-11 17:24,0.2,27.0,NNE,1.8,0,0
2019-05-11 17:30,1.9,164.0,SSE,2.4,0,0
2019-05-11 17:36,1.2,101.0,E,1.8,0,0
2019-05-11 17:42,1.4,35.0,NE,1.9,0,0
2019-05-11 17:48,1.9,22.0,NNE,2.2,0,0
2019-05-11 17:54,1.2,356.0,N,2.6,0,0
2019-05-11 18:00,0.8,28.0,NNE,2.5,0,0
2019-05-11 18:06,1.3,345.0,NNW,2.4,0,0
2019-05-11 18:12,1.9,6.0,N,2.4,0,0
2019-05-11 18:18,1.3,8.0,N,2.8,0,0
2019-05-11 18:24,1.5,45.0,NE,2.1,0,0
2019-05-11 18:30,1.4,41.0,NE,1.7,0,0
2019-05-11 18:36,2.4,44.0,NE,2.8,0,0
2019-05-11 18:42,2.0,38.0,NE,2.6,0,0
2019-05-11 18:48,1.9,54.0,NE,2.4,0,0
2019-05-11 18:54,2.1,50.0,NE,3.0,0,0
2019-05-11 19:00,0.9,32.0,NNE,2.8,0,0
2019-05-11 19:06,2.8,14.0,NNE,3.2,0,0
2019-05-11 19:12,1.8,301.0,WNW,2.9,0,0
2019-05-11 19:18,1.7,322.0,NW,2.5,0,0
2019-05-11 19:24,0.7,275.0,W,1.3,0,0
2019-05-11 19:30,1.2,353.0,N,1.6,0,0
2019-05-11 19:36,1.6,1.0,N,1.9,0,0
2019-05-11 19:42,1.9,358.0,N,2.6,0,0
2019-05-11 19:48,2.3,16.0,NNE,3.0,0,0
2019-05-11 19:54,2.4,28.0,NNE,3.1,0,0
2019-05-11 20:00,4.0,24.0,NNE,4.9,0,0
2019-05-11 20:06,3.3,22.0,NNE,5.2,0,0
2019-05-11 20:12,4.0,21.0,NNE,5.7,0,0
2019-05-11 20:18,4.6,27.0,NNE,5.6,0,0
2019-05-11 20:24,3.2,36.0,NE,4.9,0,0
2019-05-11 20:30,3.4,38.0,NE,5.2,0,0
2019-05-11 20:36,3.1,43.0,NE,4.3,0,0
2019-05-11 20:42,4.6,41.0,NE,5.7,0,0
2019-05-11 20:48,4.2,38.0,NE,5.8,0,0
2019-05-11 20:54,3.5,38.0,NE,5.2,0,0
2019-05-11 21:00,4.7,45.0,NE,5.7,0,0
2019-05-11 21:06,2.9,29.0,NNE,5.3,0,0
2019-05-11 21:12,2.5,20.0,NNE,3.4,0,0
2019-05-11 21:18,2.5,11.0,N,3.5,0,0
2019-05-11 21:24,2.3,0.0,N,3.7,0,0
2019-05-11 21:30,1.5,355.0,N,4.3,0,0
2019-05-11 21:36,1.4,8.0,N,2.3,0,0
2019-05-11 21:42,1.8,42.0,NE,2.2,0,0
2019-05-11 21:48,2.1,39.0,NE,2.5,0,0
2019-05-11 21:54,2.7,46.0,NE,3.2,0,0
2019-05-11 22:00,2.9,36.0,NE,3.5,0,0
2019-05-11 22:06,2.2,34.0,NE,3.2,0,0
2019-05-11 22:12,3.4,41.0,NE,4.4,0,0
2019-05-11 22:18,3.3,25.0,NNE,4.5,0,0
2019-05-11 22:24,2.3,11.0,N,5.2,0,0
2019-05-11 22:30,2.7,23.0,NNE,3.9,0,0
2019-05-11 22:36,2.7,40.0,NE,3.5,0,0
2019-05-11 22:42,2.9,37.0,NE,4.1,0,0
2019-05-11 22:48,4.5,50.0,NE,4.9,0,0
2019-05-11 22:54,4.3,49.0,NE,4.9,0,0
2019-05-11 23:00,3.6,54.0,NE,4.5,0,0
2019-05-11 23:06,3.8,55.0,NE,4.8,0,0
2019-05-11 23:12,4.2,59.0,ENE,4.6,0,0
2019-05-11 23:18,4.5,67.0,ENE,5.0,0,0
2019-05-11 23:24,4.7,52.0,NE,5.6,0,0
2019-05-11 23:30,4.3,48.0,NE,5.4,0,0
2019-05-11 23:36,4.9,57.0,ENE,5.4,0,0
2019-05-11 23:42,3.8,56.0,NE,5.1,0,0
2019-05-11 23:48,4.1,67.0,ENE,4.8,0,0
2019-05-11 23:54,4.6,76.0,ENE,5.0,0,0
2019-05-12 00:00,4.4,72.0,ENE,4.9,0,0
2019-05-12 00:06,3.1,88.0,E,4.9,0,0
2019-05-12 00:12,2.8,101.0,E,3.7,0,0
2019-05-12 00:18,2.7,94.0,E,3.5,0,0
2019-05-12 00:24,2.4,91.0,E,3.4,0,0
2019-05-12 00:30,2.6,97.0,E,3.2,0,0
2019-05-12 00:36,3.2,97.0,E,3.5,0,0
2019-05-12 00:42,3.4,103.0,ESE,3.9,0,0
2019-05-12 00:48,3.8,97.0,E,4.4,0,0
2019-05-12 00:54,3.8,92.0,E,4.6,0,0
2019-05-12 01:00,3.7,87.0,E,4.2,0,0
2019-05-12 01:06,3.6,90.0,E,4.3,0,0
2019-05-12 01:12,4.2,85.0,E,4.5,0,0
2019-05-12 01:18,3.6,90.0,E,4.4,0,0
2019-05-12 01:24,3.8,92.0,E,4.7,0,0
2019-05-12 01:30,3.7,86.0,E,4.4,0,0
2019-05-12 01:36,4.3,74.0,ENE,4.8,0,0
2019-05-12 01:42,4.4,78.0,ENE,5.2,0,0
2019-05-12 01:48,4.7,79.0,E,5.1,0,0
2019-05-12 01:54,4.3,85.0,E,5.4,0,0
2019-05-12 02:00,3.9,90.0,E,4.7,0,0
2019-05-12 02:06,4.0,81.0,E,4.7,0,0
2019-05-12 02:12,3.1,87.0,E,4.3,0,0
2019-05-12 02:18,3.0,96.0,E,3.4,0,0
2019-05-12 02:24,3.1,96.0,E,3.5,0,0
2019-05-12 02:30,2.9,97.0,E,3.8,0,0
2019-05-12 02:36,3.2,103.0,ESE,3.5,0,0
2019-05-12 02:42,2.5,90.0,E,3.5,0,0
2019-05-12 02:48,3.1,95.0,E,3.4,0,0
2019-05-12 02:54,3.1,93.0,E,3.6,0,0
2019-05-12 03:00,3.5,108.0,ESE,3.9,0,0
2019-05-12 03:06,3.9,101.0,E,4.4,0,0
2019-05-12 03:12,3.7,101.0,E,4.4,0,0
2019-05-12 03:18,2.6,100.0,E,3.9,0,0
2019-05-12 03:24,2.5,92.0,E,3.3,0,0
2019-05-12 03:30,2.4,97.0,E,3.0,0,0
2019-05-12 03:36,1.8,91.0,E,2.2,0,0
2019-05-12 03:42,2.0,105.0,ESE,2.5,0,0
2019-05-12 03:48,1.5,98.0,E,2.0,0,0
2019-05-12 03:54,1.4,93.0,E,2.1,0,0
2019-05-12 04:00,1.2,100.0,E,1.9,0,0
2019-05-12 04:06,0.9,94.0,E,1.4,0,0
2019-05-12 04:12,1.3,76.0,ENE,1.5,0,0
2019-05-12 04:18,1.5,43.0,NE,1.7,0,0
2019-05-12 04:24,1.4,5.0,N,1.6,0,0
2019-05-12 04:30,1.1,1.0,N,1.7,0,0
2019-05-12 04:36,1.0,29.0,NNE,1.4,0,0
2019-05-12 04:42,0.9,38.0,NE,1.3,0,0
2019-05-12 04:48,1.4,39.0,NE,1.8,0,0
2019-05-12 04:54,1.1,44.0,NE,1.8,0,0
2019-05-12 05:00,1.2,46.0,NE,1.7,0,0
2019-05-12 05:06,0.8,39.0,NE,1.3,0,0
2019-05-12 05:12,1.2,11.0,N,1.4,0,0
2019-05-12 05:18,1.2,339.0,NNW,1.7,0,0
2019-05-12 05:24,1.4,350.0,N,1.9,0,0
2019-05-12 05:30,1.3,357.0,N,1.7,0,0
2019-05-12 05:36,1.6,6.0,N,1.9,0,0
2019-05-12 05:42,1.6,13.0,NNE,2.2,0,0
2019-05-12 05:48,1.2,1.0,N,1.7,0,0
2019-05-12 05:54,1.0,359.0,N,1.5,0,0
2019-05-12 06:00,1.1,6.0,N,1.5,0,0
2019-05-12 06:06,1.0,10.0,N,1.6,0,0
2019-05-12 06:12,1.4,40.0,NE,1.7,0,0
2019-05-12 06:18,0.9,14.0,NNE,1.5,0,0
2019-05-12 06:24,1.3,27.0,NNE,1.8,0,0
2019-05-12 06:30,2.0,30.0,NNE,2.4,0,0
2019-05-12 06:36,2.2,9.0,N,2.8,0,0
2019-05-12 06:42,2.6,3.0,N,3.3,0,0
2019-05-12 06:48,2.7,355.0,N,3.8,0,0
2019-05-12 06:54,1.7,360.0,N,3.0,0,0
2019-05-12 07:00,2.7,354.0,N,3.3,0,0
2019-05-12 07:06,3.2,355.0,N,4.2,0,0
2019-05-12 07:12,2.8,359.0,N,4.0,0,0
2019-05-12 07:18,3.1,355.0,N,4.1,0,0
2019-05-12 07:24,2.6,344.0,NNW,4.5,0,0
2019-05-12 07:30,2.6,338.0,NNW,4.2,0,0
2019-05-12 07:36,2.5,339.0,NNW,3.8,0,0
2019-05-12 07:42,2.5,346.0,NNW,4.2,0,0
2019-05-12 07:48,2.6,341.0,NNW,3.6,0,0
2019-05-12 07:54,2.8,353.0,N,4.2,0,0
2019-05-12 08:00,2.9,344.0,NNW,4.5,0,0
2019-05-12 08:06,2.9,349.0,N,4.5,0,0
2019-05-12 08:12,3.0,347.0,NNW,4.4,0,0
2019-05-12 08:18,2.8,331.0,NNW,4.4,0,0
2019-05-12 08:24,3.0,342.0,NNW,4.7,0,0
2019-05-12 08:30,2.6,351.0,N,4.8,0,0
2019-05-12 08:36,3.5,343.0,NNW,4.5,0,0
2019-05-12 08:42,3.5,359.0,N,4.9,0,0
2019-05-12 08:48,4.0,359.0,N,5.3,0,0
2019-05-12 08:54,3.6,10.0,N,5.4,0,0
2019-05-12 09:00,3.8,6.0,N,6.0,0,0
2019-05-12 09:06,4.3,5.0,N,5.8,0,0
2019-05-12 09:12,3.6,6.0,N,6.1,0,0
2019-05-12 09:18,3.5,347.0,NNW,5.7,0,0
2019-05-12 09:24,3.5,346.0,NNW,5.5,0,0
2019-05-12 09:30,3.2,346.0,NNW,4.7,0,0
2019-05-12 09:36,3.3,345.0,NNW,5.3,0,0
2019-05-12 09:42,3.2,351.0,N,5.5,0,0
2019-05-12 09:48,3.5,354.0,N,5.0,0,0
2019-05-12 09:54,3.8,348.0,NNW,5.7,0,0
2019-05-12 10:00,3.4,351.0,N,5.9,0,0
2019-05-12 10:06,3.4,352.0,N,5.1,0,0
2019-05-12 10:12,3.4,357.0,N,5.4,0,0
2019-05-12 10:18,3.6,2.0,N,5.6,0,0
2019-05-12 10:24,4.4,1.0,N,6.0,0,0
2019-05-12 10:30,3.4,346.0,NNW,5.4,0,0
2019-05-12 10:36,2.7,343.0,NNW,6.1,0,0
2019-05-12 10:42,3.4,345.0,NNW,6.1,0,0
2019-05-12 10:48,3.1,354.0,N,5.8,0,0
2019-05-12 10:54,3.5,354.0,N,6.2,0,0
2019-05-12 11:00,4.1,358.0,N,6.3,0,0
2019-05-12 11:06,3.9,357.0,N,5.9,0,0
2019-05-12 11:12,4.0,3.0,N,5.4,0,0
2019-05-12 11:18,3.8,7.0,N,5.8,0,0
2019-05-12 11:24,2.9,351.0,N,4.5,0,0
2019-05-12 11:30,3.4,357.0,N,4.9,0,0
2019-05-12 11:36,3.1,1.0,N,5.5,0,0
2019-05-12 11:42,2.8,357.0,N,4.1,0,0
2019-05-12 11:48,3.1,360.0,N,4.1,0,0
2019-05-12 11:54,2.1,344.0,NNW,5.1,0,0
2019-05-12 12:00,2.5,346.0,NNW,4.3,0,0
2019-05-12 12:06,3.0,338.0,NNW,4.5,0,0
2019-05-12 12:12,1.9,339.0,NNW,4.2,0,0
2019-05-12 12:18,3.0,351.0,N,4.5,0,0
2019-05-12 12:24,2.6,345.0,NNW,4.4,0,0
2019-05-12 12:30,3.1,345.0,NNW,5.4,0,0
2019-05-12 12:36,2.9,348.0,NNW,4.7,0,0
2019-05-12 12:42,3.9,353.0,N,5.4,0,0
2019-05-12 12:48,3.8,358.0,N,5.4,0,0
2019-05-12 12:54,4.3,358.0,N,5.7,0,0
2019-05-12 13:00,3.0,349.0,N,6.1,0,0
2019-05-12 13:06,4.1,360.0,N,5.6,0,0
2019-05-12 13:12,3.4,4.0,N,6.2,0,0
2019-05-12 13:18,4.1,356.0,N,5.7,0,0
2019-05-12 13:24,4.1,359.0,N,5.5,0,0
2019-05-12 13:30,3.6,353.0,N,5.8,0,0
2019-05-12 13:36,4.3,5.0,N,6.4,0,0
2019-05-12 13:42,4.0,11.0,N,6.9,0,0
2019-05-12 13:48,4.5,17.0,NNE,6.9,0,0
2019-05-12 13:54,4.7,6.0,N,6.3,0,0
2019-05-12 14:00,3.8,10.0,N,6.4,0,0
2019-05-12 14:06,4.0,0.0,N,6.2,0,0
2019-05-12 14:12,3.5,358.0,N,6.3,0,0
2019-05-12 14:18,4.0,354.0,N,5.4,0,0
2019-05-12 14:24,4.4,358.0,N,6.3,0,0
2019-05-12 14:30,4.2,352.0,N,6.3,0,0
2019-05-12 14:36,3.8,349.0,N,6.2,0,0
2019-05-12 14:42,4.4,355.0,N,6.0,0,0
2019-05-12 14:48,4.7,352.0,N,6.6,0,0
2019-05-12 14:54,5.1,9.0,N,6.6,0,0
2019-05-12 15:00,4.7,1.0,N,7.1,0,0
2019-05-12 15:06,5.9,359.0,N,8.5,0,0
2019-05-12 15:12,5.2,12.0,NNE,7.9,0,0
2019-05-12 15:18,5.2,5.0,N,9.3,0,0
2019-05-12 15:24,6.5,17.0,NNE,8.9,0,0
2019-05-12 15:30,4.0,4.0,N,7.9,0,0
2019-05-12 15:36,3.5,9.0,N,5.1,0,0
2019-05-12 15:42,3.0,17.0,NNE,5.8,0,0
2019-05-12 15:48,3.1,26.0,NNE,5.2,0,0
2019-05-12 15:54,5.1,37.0,NE,6.6,0,0
2019-05-12 16:00,5.1,11.0,N,6.9,0,0
2019-05-12 16:06,4.7,9.0,N,6.3,0,0
2019-05-12 16:12,4.0,28.0,NNE,6.1,0,0
2019-05-12 16:18,4.6,30.0,NNE,6.0,0,0
2019-05-12 16:24,5.2,26.0,NNE,6.6,0,0
2019-05-12 16:30,3.4,17.0,NNE,5.6,0,0
2019-05-12 16:36,4.3,19.0,NNE,6.0,0,0
2019-05-12 16:42,4.4,11.0,N,6.3,0,0
2019-05-12 16:48,5.1,16.0,NNE,6.6,0,0
2019-05-12 16:54,3.9,17.0,NNE,5.6,0,0
2019-05-12 17:00,3.9,25.0,NNE,5.8,0,0
2019-05-12 17:06,4.3,15.0,NNE,5.9,0,0
2019-05-12 17:12,4.2,31.0,NNE,6.2,0,0
2019-05-12 17:18,4.3,36.0,NE,5.1,0,0
2019-05-12 17:24,3.2,28.0,NNE,6.0,0,0
2019-05-12 17:30,4.1,42.0,NE,5.5,0,0
2019-05-12 17:36,3.9,43.0,NE,5.8,0,0
2019-05-12 17:42,3.3,16.0,NNE,4.7,0,0
2019-05-12 17:48,3.0,40.0,NE,4.5,0,0
2019-05-12 17:54,4.1,44.0,NE,5.0,0,0
2019-05-12 18:00,2.9,27.0,NNE,4.8,0,0
2019-05-12 18:06,3.6,32.0,NNE,5.4,0,0
2019-05-12 18:12,3.1,26.0,NNE,4.7,0,0
2019-05-12 18:18,3.8,46.0,NE,5.5,0,0
2019-05-12 18:24,4.3,46.0,NE,5.2,0,0
2019-05-12 18:30,3.7,49.0,NE,4.8,0,0
2019-05-12 18:36,3.8,51.0,NE,4.7,0,0
2019-05-12 18:42,3.7,53.0,NE,4.3,0,0
2019-05-12 18:48,3.8,43.0,NE,4.5,0,0
2019-05-12 18:54,3.7,54.0,NE,4.5,0,0
2019-05-12 19:00,3.5,52.0,NE,4.9,0,0
2019-05-12 19:06,3.6,63.0,ENE,4.5,0,0
2019-05-12 19:12,3.1,57.0,ENE,4.7,0,0
2019-05-12 19:18,3.1,62.0,ENE,4.0,0,0
2019-05-12 19:24,3.3,45.0,NE,4.5,0,0
2019-05-12 19:30,3.8,46.0,NE,4.6,0,0
2019-05-12 19:36,3.9,52.0,NE,4.6,0,0
2019-05-12 19:42,4.0,48.0,NE,5.0,0,0
2019-05-12 19:48,4.6,48.0,NE,5.3,0,0
2019-05-12 19:54,4.8,47.0,NE,5.3,0,0
2019-05-12 20:00,4.4,52.0,NE,5.0,0,0
2019-05-12 20:06,4.7,46.0,NE,5.9,0,0
2019-05-12 20:12,4.5,51.0,NE,5.5,0,0
2019-05-12 20:18,4.7,56.0,NE,5.4,0,0
2019-05-12 20:24,4.4,57.0,ENE,5.7,0,0
2019-05-12 20:30,4.0,50.0,NE,5.2,0,0
2019-05-12 20:36,4.1,53.0,NE,5.2,0,0
2019-05-12 20:42,5.1,47.0,NE,5.6,0,0
2019-05-12 20:48,5.0,49.0,NE,5.7,0,0
2019-05-12 20:54,5.0,53.0,NE,5.7,0,0
2019-05-12 21:00,5.3,55.0,NE,5.6,0,0
2019-05-12 21:06,5.1,44.0,NE,6.1,0,0
2019-05-12 21:12,4.9,52.0,NE,5.6,0,0
2019-05-12 21:18,4.6,58.0,ENE,5.0,0,0
2019-05-12 21:24,4.7,55.0,NE,5.3,0,0
2019-05-12 21:30,4.2,52.0,NE,5.3,0,0
2019-05-12 21:36,4.3,55.0,NE,5.3,0,0
2019-05-12 21:42,4.8,56.0,NE,5.9,0,0
2019-05-12 21:48,5.3,57.0,ENE,6.0,0,0
2019-05-12 21:54,5.2,40.0,NE,6.3,0,0
2019-05-12 22:00,5.5,50.0,NE,6.3,0,0
2019-05-12 22:06,5.5,45.0,NE,6.6,0,0
2019-05-12 22:12,5.5,46.0,NE,6.1,0,0
2019-05-12 22:18,5.8,48.0,NE,6.5,0,0
2019-05-12 22:24,4.8,48.0,NE,6.4,0,0
2019-05-12 22:30,5.4,55.0,NE,5.9,0,0
2019-05-12 22:36,5.2,55.0,NE,6.0,0,0
2019-05-12 22:42,5.8,53.0,NE,6.5,0,0
2019-05-12 22:48,5.2,52.0,NE,5.8,0,0
2019-05-12 22:54,5.4,59.0,ENE,6.2,0,0
2019-05-12 23:00,4.8,51.0,NE,5.8,0,0
2019-05-12 23:06,4.8,53.0,NE,5.3,0,0
2019-05-12 23:12,4.4,59.0,ENE,5.1,0,0
2019-05-12 23:18,4.4,65.0,ENE,5.1,0,0
2019-05-12 23:24,4.0,64.0,ENE,4.6,0,0
2019-05-12 23:30,4.1,61.0,ENE,4.6,0,0
2019-05-12 23:36,4.0,57.0,ENE,4.8,0,0
2019-05-12 23:42,3.4,53.0,NE,4.3,0,0
2019-05-12 23:48,3.5,68.0,ENE,4.5,0,0
2019-05-12 23:54,3.6,65.0,ENE,4.1,0,0
2019-05-13 00:00,3.5,72.0,ENE,4.0,0,0
2019-05-13 00:06,3.1,59.0,ENE,4.0,0,0
2019-05-13 00:12,3.7,52.0,NE,4.1,0,0
2019-05-13 00:18,3.5,58.0,ENE,3.9,0,0
2019-05-13 00:24,3.5,60.0,ENE,4.0,0,0
2019-05-13 00:30,3.4,57.0,ENE,4.0,0,0
2019-05-13 00:36,3.6,59.0,ENE,4.2,0,0
2019-05-13 00:42,3.4,51.0,NE,4.3,0,0
2019-05-13 00:48,3.3,60.0,ENE,4.0,0,0
2019-05-13 00:54,3.4,52.0,NE,4.0,0,0
2019-05-13 01:00,2.9,46.0,NE,3.6,0,0
2019-05-13 01:06,2.0,29.0,NNE,3.5,0,0
2019-05-13 01:12,2.2,43.0,NE,3.1,0,0
2019-05-13 01:18,2.6,47.0,NE,3.2,0,0
2019-05-13 01:24,2.8,47.0,NE,3.2,0,0
2019-05-13 01:30,2.3,34.0,NE,3.1,0,0
2019-05-13 01:36,1.8,41.0,NE,2.8,0,0
2019-05-13 01:42,1.8,44.0,NE,3.0,0,0
2019-05-13 01:48,2.1,32.0,NNE,2.8,0,0
2019-05-13 01:54,2.0,37.0,NE,2.5,0,0
2019-05-13 02:00,2.1,43.0,NE,2.6,0,0
2019-05-13 02:06,3.2,60.0,ENE,3.6,0,0
2019-05-13 02:12,3.3,54.0,NE,4.3,0,0
2019-05-13 02:18,3.4,56.0,NE,3.9,0,0
2019-05-13 02:24,3.7,60.0,ENE,4.1,0,0
2019-05-13 02:30,3.5,60.0,ENE,3.9,0,0
2019-05-13 02:36,3.8,55.0,NE,4.3,0,0
2019-05-13 02:42,3.3,57.0,ENE,4.1,0,0
2019-05-13 02:48,3.9,57.0,ENE,4.3,0,0
2019-05-13 02:54,3.9,53.0,NE,4.5,0,0
2019-05-13 03:00,4.1,58.0,ENE,4.8,0,0
2019-05-13 03:06,3.9,52.0,NE,4.4,0,0
2019-05-13 03:12,3.9,52.0,NE,4.9,0,0
2019-05-13 03:18,4.4,53.0,NE,5.1,0,0
2019-05-13 03:24,4.6,53.0,NE,5.3,0,0
2019-05-13 03:30,4.0,52.0,NE,4.7,0,0
2019-05-13 03:36,4.0,53.0,NE,4.5,0,0
2019-05-13 03:42,3.7,51.0,NE,4.8,0,0
2019-05-13 03:48,4.0,54.0,NE,5.0,0,0
2019-05-13 03:54,3.6,50.0,NE,4.6,0,0
2019-05-13 04:00,3.7,52.0,NE,4.8,0,0
2019-05-13 04:06,4.4,50.0,NE,5.2,0,0
2019-05-13 04:12,3.9,49.0,NE,4.9,0,0
2019-05-13 04:18,4.2,56.0,NE,5.1,0,0
2019-05-13 04:24,4.2,56.0,NE,5.1,0,0
2019-05-13 04:30,4.1,52.0,NE,5.5,0,0
2019-05-13 04:36,4.4,61.0,ENE,5.2,0,0
2019-05-13 04:42,4.0,52.0,NE,5.0,0,0
2019-05-13 04:48,3.9,43.0,NE,5.0,0,0
2019-05-13 04:54,4.8,51.0,NE,5.5,0,0
2019-05-13 05:00,4.1,46.0,NE,4.8,0,0
2019-05-13 05:06,3.6,40.0,NE,5.6,0,0
2019-05-13 05:12,3.6,42.0,NE,5.0,0,0
2019-05-13 05:18,4.9,59.0,ENE,5.7,0,0
2019-05-13 05:24,4.5,47.0,NE,5.7,0,0
2019-05-13 05:30,4.6,44.0,NE,5.6,0,0
2019-05-13 05:36,5.0,44.0,NE,6.0,0,0
2019-05-13 05:42,4.1,36.0,NE,5.7,0,0
2019-05-13 05:48,5.1,43.0,NE,6.3,0,0
2019-05-13 05:54,3.4,38.0,NE,6.2,0,0
2019-05-13 06:00,3.9,43.0,NE,5.3,0,0
2019-05-13 06:06,5.0,44.0,NE,6.0,0,0
2019-05-13 06:12,4.1,41.0,NE,5.6,0,0
2019-05-13 06:18,3.8,34.0,NE,5.0,0,0
2019-05-13 06:24,4.6,47.0,NE,5.5,0,0
2019-05-13 06:30,4.1,40.0,NE,5.6,0,0
2019-05-13 06:36,3.7,37.0,NE,5.2,0,0
2019-05-13 06:42,4.1,35.0,NE,5.5,0,0
2019-05-13 06:48,4.3,37.0,NE,5.4,0,0
2019-05-13 06:54,5.1,49.0,NE,6.4,0,0
2019-05-13 07:00,5.6,48.0,NE,6.5,0,0
2019-05-13 07:06,5.8,47.0,NE,6.9,0,0
2019-05-13 07:12,5.7,52.0,NE,6.7,0,0
2019-05-13 07:18,5.8,53.0,NE,6.7,0,0
2019-05-13 07:24,6.3,49.0,NE,7.1,0,0
2019-05-13 07:30,6.0,49.0,NE,6.9,0,0
2019-05-13 07:36,6.2,51.0,NE,7.6,0,0
2019-05-13 07:42,6.4,54.0,NE,7.3,0,0
2019-05-13 07:48,6.9,58.0,ENE,7.6,0,0
2019-05-13 07:54,6.7,56.0,NE,7.8,0,0
2019-05-13 08:00,6.4,52.0,NE,7.7,0,0
2019-05-13 08:06,6.9,59.0,ENE,7.8,0,0
2019-05-13 08:12,6.7,54.0,NE,7.6,0,0
2019-05-13 08:18,6.4,53.0,NE,7.7,0,0
2019-05-13 08:24,6.3,55.0,NE,7.7,0,0
2019-05-13 08:30,5.7,51.0,NE,7.9,0,0
2019-05-13 08:36,6.2,57.0,ENE,7.2,0,0
2019-05-13 08:42,6.1,60.0,ENE,7.4,0,0
2019-05-13 08:48,5.8,56.0,NE,6.8,0,0
2019-05-13 08:54,6.3,67.0,ENE,6.8,0,0
2019-05-13 09:00,5.7,61.0,ENE,7.2,0,0
2019-05-13 09:06,6.2,66.0,ENE,7.1,0,0
2019-05-13 09:12,6.1,59.0,ENE,6.7,0,0
2019-05-13 09:18,5.8,66.0,ENE,6.9,0,0
2019-05-13 09:24,5.6,71.0,ENE,6.7,0,0
2019-05-13 09:30,5.8,70.0,ENE,6.5,0,0
2019-05-13 09:36,5.9,73.0,ENE,6.3,0,0
2019-05-13 09:42,5.7,72.0,ENE,6.8,0,0
2019-05-13 09:48,6.1,75.0,ENE,6.4,0,0
2019-05-13 09:54,6.1,68.0,ENE,6.8,0,0
2019-05-13 10:00,5.8,72.0,ENE,6.8,0,0
2019-05-13 10:06,6.3,78.0,ENE,6.9,0,0
2019-05-13 10:12,6.3,69.0,ENE,7.2,0,0
2019-05-13 10:18,6.5,67.0,ENE,7.1,0,0
2019-05-13 10:24,6.5,70.0,ENE,7.0,0,0
2019-05-13 10:30,6.2,72.0,ENE,6.8,0,0
2019-05-13 10:36,5.8,66.0,ENE,6.9,0,0
2019-05-13 10:42,6.1,70.0,ENE,6.6,0,0
2019-05-13 10:48,5.4,71.0,ENE,6.3,0,0
2019-05-13 10:54,5.6,70.0,ENE,6.4,0,0
2019-05-13 11:00,5.8,58.0,ENE,6.3,0,0
2019-05-13 11:06,5.7,60.0,ENE,6.8,0,0
2019-05-13 11:12,6.1,63.0,ENE,6.8,0,0
2019-05-13 11:18,5.7,64.0,ENE,6.5,0,0
2019-05-13 11:24,5.4,70.0,ENE,5.9,0,0
2019-05-13 11:30,5.5,65.0,ENE,6.5,0,0
2019-05-13 11:36,5.7,65.0,ENE,6.3,0,0
2019-05-13 11:42,5.7,59.0,ENE,6.6,0,0
2019-05-13 11:48,6.5,60.0,ENE,7.0,0,0
2019-05-13 11:54,7.2,58.0,ENE,7.9,0,0
2019-05-13 12:00,6.9,56.0,NE,7.7,0,0
2019-05-13 12:06,6.5,54.0,NE,7.6,0,0
2019-05-13 12:12,6.3,55.0,NE,7.7,0,0
2019-05-13 12:18,7.1,57.0,ENE,7.7,0,0
2019-05-13 12:24,6.1,60.0,ENE,7.3,0,0
2019-05-13 12:30,5.6,70.0,ENE,6.8,0,0
2019-05-13 12:36,5.3,63.0,ENE,6.2,0,0
2019-05-13 12:42,4.8,73.0,ENE,5.9,0,0
2019-05-13 12:48,4.7,78.0,ENE,5.6,0,0
2019-05-13 12:54,4.9,82.0,E,5.5,0,0
2019-05-13 13:00,4.1,90.0,E,5.8,0,0
2019-05-13 13:06,4.3,83.0,E,5.4,0,0
2019-05-13 13:12,4.6,83.0,E,5.1,0,0
2019-05-13 13:18,4.5,80.0,E,5.5,0,0
2019-05-13 13:24,3.9,73.0,ENE,5.2,0,0
2019-05-13 13:30,4.7,73.0,ENE,5.3,0,0
2019-05-13 13:36,5.5,67.0,ENE,6.0,0,0
2019-05-13 13:42,4.9,77.0,ENE,6.0,0,0
2019-05-13 13:48,5.6,64.0,ENE,6.3,0,0
2019-05-13 13:54,5.8,70.0,ENE,6.6,0,0
2019-05-13 14:00,5.4,70.0,ENE,6.4,0,0
2019-05-13 14:06,4.8,72.0,ENE,5.8,0,0
2019-05-13 14:12,4.5,68.0,ENE,5.8,0,0
2019-05-13 14:18,4.8,76.0,ENE,5.6,0,0
2019-05-13 14:24,4.3,63.0,ENE,4.9,0,0
2019-05-13 14:30,4.3,69.0,ENE,5.0,0,0
2019-05-13 14:36,3.7,73.0,ENE,4.9,0,0
2019-05-13 14:42,4.1,77.0,ENE,4.5,0,0
2019-05-13 14:48,3.7,87.0,E,4.9,0,0
2019-05-13 14:54,3.6,81.0,E,5.2,0,0
2019-05-13 15:00,3.6,93.0,E,4.6,0,0
2019-05-13 15:06,4.4,99.0,E,5.4,0,0
2019-05-13 15:12,3.7,96.0,E,5.2,0,0
2019-05-13 15:18,4.3,86.0,E,4.6,0,0
2019-05-13 15:24,4.1,91.0,E,5.0,0,0
2019-05-13 15:30,4.5,93.0,E,5.3,0,0
2019-05-13 15:36,3.9,93.0,E,4.8,0,0
2019-05-13 15:42,4.8,83.0,E,5.6,0,0
2019-05-13 15:48,4.8,85.0,E,5.8,0,0
2019-05-13 15:54,5.4,79.0,E,5.9,0,0
2019-05-13 16:00,5.1,82.0,E,6.3,0,0
2019-05-13 16:06,4.8,86.0,E,6.2,0,0
2019-05-13 16:12,4.9,84.0,E,5.9,0,0
2019-05-13 16:18,4.1,93.0,E,5.0,0,0
2019-05-13 16:24,4.1,83.0,E,5.2,0,0
2019-05-13 16:30,4.1,86.0,E,5.2,0,0
2019-05-13 16:36,4.6,84.0,E,5.8,0,0
2019-05-13 16:42,3.9,92.0,E,5.3,0,0
2019-05-13 16:48,4.0,77.0,ENE,4.8,0,0
2019-05-13 16:54,4.0,78.0,ENE,5.1,0,0
2019-05-13 17:00,4.6,81.0,E,5.2,0,0
2019-05-13 17:06,3.7,95.0,E,5.0,0,0
2019-05-13 17:12,3.7,94.0,E,4.6,0,0
2019-05-13 17:18,4.9,101.0,E,5.3,0,0
2019-05-13 17:24,4.3,98.0,E,4.8,0,0
2019-05-13 17:30,3.5,93.0,E,4.6,0,0
2019-05-13 17:36,4.2,103.0,ESE,4.7,0,0
2019-05-13 17:42,4.4,106.0,ESE,5.2,0,0
2019-05-13 17:48,4.5,110.0,ESE,5.5,0,0
2019-05-13 17:54,4.2,101.0,E,5.8,0,0
2019-05-13 18:00,4.6,109.0,ESE,5.7,0,0
2019-05-13 18:06,4.5,108.0,ESE,5.7,0,0
2019-05-13 18:12,5.2,109.0,ESE,5.9,0,0
2019-05-13 18:18,4.4,100.0,E,6.4,0,0
2019-05-13 18:24,4.8,103.0,ESE,5.3,0,0
2019-05-13 18:30,4.4,108.0,ESE,5.7,0,0
2019-05-13 18:36,4.0,97.0,E,5.4,0,0
2019-05-13 18:42,4.8,98.0,E,5.5,0,0
2019-05-13 18:48,4.2,89.0,E,5.1,0,0
2019-05-13 18:54,4.2,89.0,E,4.8,0,0
2019-05-13 19:00,3.9,102.0,ESE,4.8,0,0
2019-05-13 19:06,3.7,102.0,ESE,4.5,0,0
2019-05-13 19:12,4.2,109.0,ESE,5.0,0,0
2019-05-13 19:18,3.9,112.0,ESE,4.9,0,0
2019-05-13 19:24,4.3,110.0,ESE,4.9,0,0
2019-05-13 19:30,4.2,111.0,ESE,4.9,0,0
2019-05-13 19:36,4.7,119.0,ESE,5.4,0,0
2019-05-13 19:42,4.3,126.0,SE,5.2,0,0
2019-05-13 19:48,4.1,122.0,ESE,4.8,0,0
2019-05-13 19:54,3.9,128.0,SE,4.6,0,0
2019-05-13 20:00,3.9,131.0,SE,4.5,0,0
2019-05-13 20:06,4.0,128.0,SE,4.6,0,0
2019-05-13 20:12,4.2,143.0,SE,5.0,0,0
2019-05-13 20:18,4.1,145.0,SE,5.2,0,0
2019-05-13 20:24,4.2,141.0,SE,5.2,0,0
2019-05-13 20:30,5.0,142.0,SE,7.2,0,0
2019-05-13 20:36,4.6,139.0,SE,5.8,0,0
2019-05-13 20:42,4.3,141.0,SE,4.9,0,0
2019-05-13 20:48,4.5,143.0,SE,5.3,0,0
2019-05-13 20:54,4.6,146.0,SE,5.2,0,0
2019-05-13 21:00,4.3,148.0,SSE,5.1,0,0
2019-05-13 21:06,4.5,148.0,SSE,5.1,0,0
2019-05-13 21:12,4.3,148.0,SSE,5.2,0,0
2019-05-13 21:18,4.6,152.0,SSE,5.5,0,0
2019-05-13 21:24,5.0,165.0,SSE,5.7,0,0
2019-05-13 21:30,4.7,158.0,SSE,5.8,0,0
2019-05-13 21:36,4.6,164.0,SSE,6.3,0,0
2019-05-13 21:42,4.2,149.0,SSE,5.4,0,0
2019-05-13 21:48,4.5,151.0,SSE,5.8,0,0
2019-05-13 21:54,4.5,158.0,SSE,5.6,0,0
2019-05-13 22:00,4.7,160.0,SSE,5.5,0,0
2019-05-13 22:06,4.4,166.0,SSE,5.5,0,0
2019-05-13 22:12,4.1,159.0,SSE,5.3,0,0
2019-05-13 22:18,4.2,151.0,SSE,5.3,0,0
2019-05-13 22:24,4.5,158.0,SSE,5.5,0,0
2019-05-13 22:30,3.7,165.0,SSE,5.1,0,0
2019-05-13 22:36,4.0,156.0,SSE,4.8,0,0
2019-05-13 22:42,4.3,161.0,SSE,5.2,0,0
2019-05-13 22:48,4.6,159.0,SSE,5.4,0,0
2019-05-13 22:54,4.6,165.0,SSE,5.3,0,0
2019-05-13 23:00,4.2,171.0,S,5.2,0,0
2019-05-13 23:06,4.1,160.0,SSE,5.0,0,0
2019-05-13 23:12,4.1,154.0,SSE,4.8,0,0
2019-05-13 23:18,4.5,157.0,SSE,5.3,0,0
